Post URL,timestamp,datum,inhalt,username,caption,likes
https://www.instagram.com/p/DIKaU11Rwj0/,,,,,,
https://www.instagram.com/p/DHW6TrpR9UE/,2025-04-14T14:42:31.354893,2025-03-18,"Photo by BernieGirl on March 18, 2025. Ist mÃ¶glicherweise ein Bild von 2 Personen, Bart und Text â€the most powerful image i have seen to ""why don't you wear a suit""â€œ.",,,
https://www.instagram.com/p/DHOLtvLtJKL/,2025-04-14T14:42:45.452427,2025-03-15,"Photo by Die Welt hinter der Leinwand on March 15, 2025. Ist mÃ¶glicherweise ein Bild von 3 Personen und Text â€Zwei Festnahmen Deutsche Touristin (24) in Thailand vergewaltigt POLICE LACUYâ€œ.",,,
https://www.instagram.com/p/DH-iv39t-RD/,2025-04-14T14:43:11.727092,2025-04-03,aiwonderlab.eu's profile picture,,,
https://www.instagram.com/p/DIJwgPKpxTN/,2025-04-14T14:43:25.908874,2025-04-07,sonya_styless's profile picture,,,
https://www.instagram.com/p/DHRo6caTp2M/,2025-04-14T12:48:37.946122,2025-03-16,,,,
https://www.instagram.com/p/DHPJYeQx22Y/,2025-04-14T12:48:58.958363,2025-03-15,"Photo by DRA HELENA COSTA on March 15, 2025. Ist mÃ¶glicherweise ein Meme von 2 Personen, blondes Haar, Top und Text â€@cinicahelenacosta @clinical à¦®à¦² 3 ìš° ç‰¹ å‰ 22 2ANOS 32 ANOSâ€œ.",,,
https://www.instagram.com/p/DHLQ-lFT9SP/,,,,,,
https://www.instagram.com/p/DHV8sE_I4hn/,2025-04-14T12:49:54.632291,2025-03-18,"Photo by Fashion Daily Inspo on March 18, 2025. Ist mÃ¶glicherweise ein Bild von 2 Personen und Text â€T3Ğ˜ @hollywoodyuzleri 2024 2025â€œ.",,,
https://www.instagram.com/p/DHV53YVPyek/,2025-04-14T12:50:15.550798,2025-03-18,"Photo by Linda Paula on March 18, 2025. May be a meme of â€1 person and â€text that says 'â€VERZWEIFELT GESTRESST Mit alkohol TRAURIG KEIN GELD ×ª UNFIT AUFGEQUOLLEN SEHR DEPRESSIV UNGESUNDE ERNÃ„HRUNG stamorphostaV AUSSCHLAGâ€'â€â€.",,,
https://www.instagram.com/p/DHMwilgt-Of/,2025-04-14T12:50:36.531343,2025-03-15,,,,
https://www.instagram.com/p/DHOmtj9tXd6/,2025-04-14T12:50:57.507503,2025-03-15,"Photo by High Value Men on March 15, 2025. Ist mÃ¶glicherweise ein Meme von 1 Person, Salbe, Handcreme und Text â€Red Vaseline Vaselin e Vaselineptherapy lip therapy rosy lips lips kip ips or.soft Lpirk pÎº: M.25w0lp Salo Lip therapy HELPSHEAL HEAL DRY LIPS Vaseline. Lip Therapy"" ROSY ROSYLIPS LIPS NETWT NETWT0.60Z 0.60Z(17g) (17g) 060â€œ.",,,
https://www.instagram.com/p/DHVzgs7RA21/,2025-04-14T12:51:18.676354,2025-03-18,"Photo by Julie Taylor on March 18, 2025. Ist mÃ¶glicherweise ein Meme von Hund, Grissini, Stock und Text.",,,
https://www.instagram.com/p/DHTxXicR0Lr/,2025-04-14T12:51:39.677120,2025-03-17,"Photo by Adam Zyglis on March 17, 2025. Ist mÃ¶glicherweise ein Cartoon von â€Kind, Plakat und â€Text â€â€THEBUFFAONEUS 1746 CABLECARTOOWST Mu UST Bo KATHy, this IS HOw A NY DEMOCRAT IS SUPPOSED To ACT... YOU Shall NOT PASS /SCHUMEROL STATE LAW IMMIGRATION ××¡1â€â€œâ€â€.",,,
https://www.instagram.com/p/DHWRVuXSLiY/,2025-04-14T12:52:00.619200,2025-03-18,"Photo by Gali Pozdniakova in Long Beach, California with @pics_of_inked_, @outerlimitstattoo, @blacktraditionals, @ladiesoftattooingworldwide, @invisible_organization, @theartoftattooingofficial, @traditionalartist, @artof_black, @traditionalstattoos, @blkttt, @tradwoman_tattoo, @inker_land, @oldschooltattz, @parloirpics, @traditionaltattoo_, @blacktattoomag, @unconventional_trad, and @traditionaltattooink. Ist mÃ¶glicherweise eine Abbildung von â€2 Personen, Henna, TÃ¤towierung, Pony und â€Text â€â€3 hours 30 min Ø§â€â€œâ€â€.",,,
https://www.instagram.com/p/DF7A6ABPWrT/,,,,,,
https://www.instagram.com/p/DHVofAnsz9G/,2025-04-14T12:52:56.157825,2025-03-18,"Photo by ğŸ‘‘ ğğ«ğ¢ğ­ğ¢ğ¬ğ¡ ğ‘ğ¨ğ²ğšğ¥ ğ…ğšğ¦ğ¢ğ¥ğ² ğŸ‘‘ on March 18, 2025. Ist mÃ¶glicherweise ein Bild von 3 Personen und Text â€á’á¶á–á¶á– CAROLE ELIZABETH CATHERINE ELIZABETH CHARLOTTE ELIZABETH DIANAâ€œ.",,,
https://www.instagram.com/p/DHVYlT7swOD/,,,,,,
https://www.instagram.com/p/DHNXu9RIP6b/,2025-04-14T12:53:51.557047,2025-03-15,"Photo by ğŸ’ FASHION ||â˜†|| MAGZINE ğŸ’ on March 14, 2025. Ist mÃ¶glicherweise ein Bild von 2 Personen.",,,
https://www.instagram.com/p/DHJoVvjJYbI/,2025-04-14T12:54:13.103982,2025-03-23,"Photo by Little Zen One on March 13, 2025. Ist mÃ¶glicherweise ein Bild von Text.",,,
