id,description,author_username,author_id,likes,shares,comments,plays,video_url,created_time
7493469801654881542,#vairalvideo_foryoupage  #üá¶üá´ÿßÿ≤ÿ®⁄©_ÿ™ÿßÿ¨⁄©_Ÿæÿ¥ÿ™ŸàŸÜ_ÿ™ÿ±⁄©ŸÖŸÜ_Ÿáÿ≤ ,afgcap.cut,7461541069958153234,15800,451,258,365200,https://v16-webapp-prime.tiktok.com/video/tos/useast2a/tos-useast2a-pve-0068/o8YqJEURDIPyKe72A2FgIjMfVJfafCKQEIAEif/?a=1988&bti=ODszNWYuMDE6&ch=0&cr=3&dr=0&lr=all&cd=0%7C0%7C0%7C&cv=1&br=1154&bt=577&cs=0&ds=3&ft=-Csk_mgdPD12NiWyuh-Uxt~2hY3W3wv25VcAp&mime_type=video_mp4&qs=0&rc=Njs0ZmllaTY0OjY6NWc8NUBpamRvO3c5cnE1eTMzNzczM0BgYDAvM181NTYxNDUyYWNeYSNmamZoMmRzYXNgLS1kMTZzcw%3D%3D&btag=e000b8000&expire=1745150058&l=20250418195401E840E2279131281287AA&ply_type=2&policy=2&signature=6ff13f8cff21c253d93fa33220b98f77&tk=tt_chain_token,1744709406
7489427780397010198,#imapoliceofficer #tensheet #foryou #viral #fyppppppppppp #tonbirdge ,backwheelbandit69,7416366442453632032,4300000,303800,11300,41900000,https://v16-webapp-prime.tiktok.com/video/tos/no1a/tos-no1a-ve-0068-no/oAE47nIgkMAFyE8y74Rqp7fIErD5FBCEfQvnNv/?a=1988&bti=ODszNWYuMDE6&ch=0&cr=3&dr=0&lr=all&cd=0%7C0%7C0%7C&cv=1&br=2320&bt=1160&cs=0&ds=3&ft=-Csk_mgdPD12NiWyuh-Uxt~2hY3W3wv25VcAp&mime_type=video_mp4&qs=0&rc=OzY0ZzQ4Zjw3OzhmO2Q0Z0BpM2RrPG45cnN2eTMzbzczNUBjMjMxYC0tX2IxXjA2NDMwYSNtczBnMmRzaWtgLS1kMTFzcw%3D%3D&btag=e000b8000&expire=1745150056&l=20250418195401E840E2279131281287AA&ply_type=2&policy=2&signature=84d8ae55c2a449f1be787c9fd0366df4&tk=tt_chain_token,1743768297
7492000423641959685,#CapCut #ŸÇŸàÿßŸÑÿ®_ŸÉÿßÿ®_ŸÉÿßÿ™_ÿ¨ÿßŸáÿ≤Ÿá_ŸÑŸÑÿ™ÿµŸÖŸäŸÖ__üå¥‚ô• #ŸÉÿßÿ®_ŸÉÿßÿ™_ŸÑŸÑŸÖÿ≠ÿ™ÿ±ŸäŸÅŸäŸäŸÜüòâüí™üèª ,noordeen_cap_cat_0_1,7322835376556442629,58400,1576,451,1300000,https://v16-webapp-prime.tiktok.com/video/tos/useast2a/tos-useast2a-pve-0068/oAHuIkiB8JvgU69F7zj4C6gErQiP1IAf8dAa5o/?a=1988&bti=ODszNWYuMDE6&ch=0&cr=3&dr=0&lr=all&cd=0%7C0%7C0%7C&cv=1&br=302&bt=151&cs=0&ds=3&ft=-Csk_mgdPD12NiWyuh-Uxt~2hY3W3wv25VcAp&mime_type=video_mp4&qs=0&rc=cnF8b2hsc2d3SkBwaHIxaDFybndmZDU6OWVmOWc0PGRkaDZnNUBpM3Rrd3Q5cndoeTMzNzczM0BjRl5Nc3FePmJKYSNvYF90aHFmOiNgMmIuYC8xXi4xNS8wMy9eYSNkNmMxMmRrcHBgLS1kMTZzcw%3D%3D&btag=e000b8000&expire=1745150059&l=20250418195401E840E2279131281287AA&ply_type=2&policy=2&signature=d8b21f6f27e6e488a0634ab8634bf958&tk=tt_chain_token,1744367290
7472584144510373125,i think it was a bad idea,maligoshik,7014608336423617542,18000000,1300000,24000,168600000,https://v16-webapp-prime.tiktok.com/video/tos/useast2a/tos-useast2a-pve-0068/o0MJJLKfAsneFczg3eIlAwInPfgiRFUXGe5uIA/?a=1988&bti=ODszNWYuMDE6&ch=0&cr=3&dr=0&lr=all&cd=0%7C0%7C0%7C&cv=1&br=3720&bt=1860&cs=0&ds=3&ft=-Csk_mgdPD12NiWyuh-Uxt~2hY3W3wv25VcAp&mime_type=video_mp4&qs=0&rc=ZGkzOjVlPDUzNmU4OGU1ZUBpM2VxNXE5cmZ5eDMzNzczM0BfYTVeMzI2NWIxNWIuMWEuYSNqXmwxMmRzL21gLS1kMTZzcw%3D%3D&btag=e000b0000&expire=1745150048&l=20250418195401E840E2279131281287AA&ply_type=2&policy=2&signature=983b616d38f1601ed37b13f86abf1eeb&tk=tt_chain_token,1739846584
7461927005689302280,welcome to the thanos world!! #squidgame #squidgame2 #squidgamenetflix #thanos #top #player230 #player #230 #netflix #season2 #season #squidgameedit #thanosedit #edit #character #players #characters #bigbang #bangbang #pageforyou ,team_thanos_player230,7455509281098515474,261400,9526,13000,12400000,https://webapp-sg.tiktok.com/bf63b8aa40b9ff0ca4c9f0912015eb0b/6804e068/kmoat/mps/logo/v3/r/p/v14044g50000cu71cufog65s950oi7h0/75a67bee7abc4022bf4ce77d89b89e3b/aa46711b20d286bcb3d135ff241454da/mp4/main.mp4?a=1988&bti=ODszNWYuMDE6&ch=0&cr=3&dr=0&lr=all&cd=0%7C0%7C0%7C&cv=1&br=0&bt=0&cs=0&ds=3&ft=bLZkAmgdPD12NiWyuh-Uxt~2hY3W3wv25VcAp&mime_type=video_mp4&qs=0&rc=cnF8b2hsc2d3SkBwaHIxaDFybndmZWg7PGc6Zmk1M2ZkaGU5OEBpMzpyOHY5cng0eDMzODczNEBjRl5Nc3FePmJKYSNvYF90aHFmOiMwNl81NGIxXy8xXzRiNF40YSNlZi02MmRjYDRgLS1kMTFzcw%3D%3D&btag=e000b8000&definition=720p&du=15&item_id=7461927005689302280&l=20250418195401E840E2279131281287AA&logo_type=tiktok_creator&ply_type=2&policy=eyJ2bSI6MiwiY2siOiJ0dF9jaGFpbl90b2tlbiJ9&sign_params=item_id%2Cuser_text&user_text=team_thanos_player230,1737365272
7461757350492278048,This is a great goal üò≥üò≠ @Fabio Andr√©s #golazo #goal #footballtiktok #football #futbol #futebol #aura #soccer #soccertiktok #footy #fifa #fut #4u #goviral #trending #shot #skills #footballskills #fifa #fut #meme #funny #jokes ,risingballers,6718984144989438982,868600,231400,5817,10900000,https://v16-webapp-prime.tiktok.com/video/tos/useast2a/tos-useast2a-ve-0068c001-euttp/oM6VXI0tb4nAcSfLd1EOBFjERDVD6QvPZQfMWa/?a=1988&bti=ODszNWYuMDE6&ch=0&cr=3&dr=0&lr=all&cd=0%7C0%7C0%7C&cv=1&br=2190&bt=1095&cs=0&ds=3&ft=-Csk_mgdPD12NiWyuh-Uxt~2hY3W3wv25VcAp&mime_type=video_mp4&qs=0&rc=NDdoOjo1ODdpOWZkZTlkaUBpM2dsbXY5cnVxeDMzZjczM0AvYmM1MzYxXi4xYC1iYzEuYSM0amliMmRjazNgLS1kMWNzcw%3D%3D&btag=e000b0000&expire=1745150047&l=20250418195401E840E2279131281287AA&ply_type=2&policy=2&signature=bb0f0ea63b51da3ddec8c29304405203&tk=tt_chain_token,1737325774
7462429961345879318,glaube er hatte nicht so bock auf mich..üíÄ #foryoupage #virall #fyp #deutsch ,allroundii,7316534594073625633,682800,165200,6876,10200000,,1737482377
7483193151004445974,#CapCut Speedquiz ü§Øüß†‚úÖÔ∏è #fyp #viral_video #quiz #quiztime #brainteaser #quizchallenge ,brainyy.quiz,7455038831655060502,27900,19700,7456,1100000,,1742316683
7485141742186941718,Shake bodyüï∫üèæüò≠üòÇ,lamine.yamal,6530675909802857487,12700000,351300,88100,129100000,https://v16-webapp-prime.tiktok.com/video/tos/no1a/tos-no1a-ve-0068-no/osBZAkZ46FDB6EJQInED5NfeEOA4gAP7FkgvNR/?a=1988&bti=ODszNWYuMDE6&ch=0&cr=3&dr=0&lr=all&cd=0%7C0%7C0%7C&cv=1&br=1328&bt=664&cs=0&ds=3&ft=-Csk_mgdPD12NiWyuh-Uxt~2hY3W3wv25VcAp&mime_type=video_mp4&qs=0&rc=ZTk4ZWY5Zzk3ODY0ZjtnM0BpM2Z4cXY5cmU8eTMzbzczNUBjLzNjYDIuXmMxYzJjYV9hYSNzYWByMmRzLWRgLS1kMTFzcw%3D%3D&btag=e000b8000&expire=1745150057&l=20250418195401E840E2279131281287AA&ply_type=2&policy=2&signature=3473bf605c7cacdbc3cefea0048f777e&tk=tt_chain_token,1742770377
7477658166235286791,#mascotas #humormascotasüòÇüòÇ #mascotastiktok #vira #fyou #lomitos #pitbull ,rokopitbull,6847768940501599238,14800000,2200000,37500,99400000,https://webapp-sg.tiktok.com/a3091924f7ce0fd7196f2477d6dd15e8/6804e060/kmoat/mps/logo/v3/r/p/v14044g50000cv2vjk7og65qrv84q880/da5003b376654ed1bfc73f1451887d6c/4a7e0f417a059137ffeb2e8cd9127bd2/mp4/main.mp4?a=1988&bti=ODszNWYuMDE6&ch=0&cr=3&dr=0&lr=all&cd=0%7C0%7C0%7C&cv=1&br=0&bt=0&cs=0&ds=3&ft=bLZkAmgdPD12NiWyuh-Uxt~2hY3W3wv25VcAp&mime_type=video_mp4&qs=0&rc=cnF8b2hsc2d3SkBwaHIxaDFybndmZmc7NDdpOmk0aDg5NjYzZEBpMzs3eXQ5cm55eTMzODczNEBjRl5Nc3FePmJKYSNvYF90aHFmOiMzNDUyLjBgX2ExMzRfLTJhYSM1bjVvMmQ0Zy9gLS1kMTFzcw%3D%3D&btag=e000b0000&definition=720p&du=7&item_id=7477658166235286791&l=20250418195401E840E2279131281287AA&logo_type=tiktok_creator&ply_type=2&policy=eyJ2bSI6MiwiY2siOiJ0dF9jaGFpbl90b2tlbiJ9&sign_params=item_id%2Cuser_text&user_text=rokopitbull,1741027969
7491267488789941526,Top 5 worst voice kids performances #voicekids #viral ,vids.for.you8,7490975389218931734,331600,33300,5138,4000000,https://v16-webapp-prime.tiktok.com/video/tos/no1a/tos-no1a-ve-0068-no/oUkj9HbRtI3dEVVFinlgQFB4iefQABVPbEO25q/?a=1988&bti=ODszNWYuMDE6&ch=0&cr=3&dr=0&lr=all&cd=0%7C0%7C0%7C&cv=1&br=2140&bt=1070&cs=0&ds=3&ft=-Csk_mgdPD12NiWyuh-Uxt~2hY3W3wv25VcAp&mime_type=video_mp4&qs=0&rc=OGlmZWk1OjZmZTZpaTc8N0Bpamdwb3I5cnk4eTMzbzczNUAtMjRjLV81XjAxX2EwXjQvYSMwNF9vMmRjL29gLS1kMTFzcw%3D%3D&btag=e00090000&expire=1745150163&l=20250418195401E840E2279131281287AA&ply_type=2&policy=2&signature=ac8ade2e822147b696a602c32dd79268&tk=tt_chain_token,1744196636
7490324147852119327,What assist was the best? ü§îüëá#nba #basketball ,jinx.nba,7387087231481857066,214700,2381,269,6000000,https://v16-webapp-prime.tiktok.com/video/tos/maliva/tos-maliva-ve-0068c799-us/oIWEbHF8pQDN2hgAoq3AfdEynlIrRl2EVjmveB/?a=1988&bti=ODszNWYuMDE6&ch=0&cr=3&dr=0&lr=all&cd=0%7C0%7C0%7C&cv=1&br=4726&bt=2363&cs=0&ds=3&ft=-Csk_mgdPD12NiWyuh-Uxt~2hY3W3wv25VcAp&mime_type=video_mp4&qs=0&rc=Zjs4aDY3ZDs8aDtmZDs6aUBpam5mbWo5cmdpeTMzaTczNEAtXjVjMzMwNTAxM2IzY2NiYSNub2twMmRraG1gLS1kMTJzcw%3D%3D&btag=e00090000&expire=1745150104&l=20250418195401E840E2279131281287AA&ply_type=2&policy=2&signature=bbedda8a76a7f3d61342626392346247&tk=tt_chain_token,1743977022
7486889276454587670,Cashier folded faster than our payment method üò≠üÉè #rizz #huzz #humour #prank #skibidi #explore #funny #povs #viral #ohio #foryou #perte #walmart #reaction #shocked #raybanmeta #snowmanandblackbeard ,blackbeardedsnowman,7483218932854785046,10800000,967800,22600,125600000,https://v16-webapp-prime.tiktok.com/video/tos/no1a/tos-no1a-ve-0068-no/okkl56WRrIRfExpFEnsgYXD9FVfQABjH7E7myK/?a=1988&bti=ODszNWYuMDE6&ch=0&cr=3&dr=0&lr=all&cd=0%7C0%7C0%7C&cv=1&br=3854&bt=1927&cs=0&ds=3&ft=-Csk_mgdPD12NiWyuh-Uxt~2hY3W3wv25VcAp&mime_type=video_mp4&qs=0&rc=aDtmPGg1NDg3O2VlNjlkPEBpM2V4Z3g5cm9meTMzbzczNUA2M2IvMzZgXzQxMTAuMjBfYSNxXzRoMmRjX2dgLS1kMTFzcw%3D%3D&btag=e00088000&expire=1745150075&l=20250418195401E840E2279131281287AA&ply_type=2&policy=2&signature=26a8b97a35d32a86b1804f7ea2ed2cb6&tk=tt_chain_token,1743177252
7486238383644134711,o melhor jogador do mundo Ataca novamente #futebolarte #futebol #futsal #futsalindonesia #futsalplayer #skills4all #dribles #futsalskills #gol #skills #skill #arte #melhordomundo #fut ,futebol_show2,6823884583492256773,374200,183100,4272,7600000,https://v16-webapp-prime.tiktok.com/video/tos/useast2a/tos-useast2a-pve-0068/oMA6dzJvPAALQYBdCkak1jEouiI5ReUWBkiIgu/?a=1988&bti=ODszNWYuMDE6&ch=0&cr=3&dr=0&lr=all&cd=0%7C0%7C0%7C&cv=1&br=6004&bt=3002&cs=0&ds=3&ft=-Csk_mgdPD12NiWyuh-Uxt~2hY3W3wv25VcAp&mime_type=video_mp4&qs=0&rc=aDNkODVlOzU1Nmc7ZDM3PEBpMzNycHQ5cnc6eTMzNzczM0BhLjIyYDNfNmMxLmEvNl8uYSNrLzJlMmQ0XmZgLS1kMTZzcw%3D%3D&btag=e00090000&expire=1745150102&l=20250418195401E840E2279131281287AA&ply_type=2&policy=2&signature=bafcb151d6b3b6dcdc48d32379313f1b&tk=tt_chain_token,1743025709
7464562706452909344,The microwave srace!üòÜ ü§£ üòÇ #pranks #family #funny #family #fun #comedy #laughs #comedian #loveyou,the.hanby.fan.account,7463521680456500246,458,36,26,33300,https://v16-webapp-prime.tiktok.com/video/tos/useast2a/tos-useast2a-ve-0068c001-euttp/ow7CeXQE3cQOlyKnANgIVdQFPf6FMRCPDDoBQS/?a=1988&bti=ODszNWYuMDE6&ch=0&cr=3&dr=0&lr=all&cd=0%7C0%7C0%7C&cv=1&br=2296&bt=1148&cs=0&ds=3&ft=-Csk_mgdPD12NiWyuh-Uxt~2hY3W3wv25VcAp&mime_type=video_mp4&qs=0&rc=ZTM7OjY4aTY8ZTY6ODs6ZkBpMzo3ZHc5cjpxeDMzZjgzM0BfNjIxYl5eNTQxYy8tYzUvYSNeZi1nMmQ0NV9gLS1kL2Nzcw%3D%3D&btag=e00098000&expire=1745150223&l=20250418195401E840E2279131281287AA&ply_type=2&policy=2&signature=8cd65d76938414e3cd0bb2464d2c3e80&tk=tt_chain_token,1737978962
7489932324423978262,#fyp #videoviral #relatable #ukcomedy ,amzszinotv,7196125982942643205,4100000,829800,16000,33300000,https://v16-webapp-prime.tiktok.com/video/tos/no1a/tos-no1a-ve-0068c001-no/oYpUIkejxDAclcB6yZFgFRnQzETgGBv8EKfyxE/?a=1988&bti=ODszNWYuMDE6&ch=0&cr=3&dr=0&lr=all&cd=0%7C0%7C0%7C&cv=1&br=3112&bt=1556&cs=0&ds=3&ft=-Csk_mgdPD12NiWyuh-Uxt~2hY3W3wv25VcAp&mime_type=video_mp4&qs=0&rc=NTRkaTo7O2k5ZjloaTdlNUBpMzZudWo5cmZzeTMzbzczNUAzMGA0Li1jNV4xMDUwYV5gYSNjZ2Q1MmRjXmxgLS1kMTFzcw%3D%3D&btag=e000b0000&expire=1745150051&l=20250418195401E840E2279131281287AA&ply_type=2&policy=2&signature=a464f9e40ea0b9fc0a5211ed4420f6b6&tk=tt_chain_token,1743885767
7469131153203645718,New CapCut Templateüï∫üèª #CapCut #CapCut #funknocapcut #funk #capcut #capcutedit #capcutedits #capcuttutorial #capcutjedagjedug #capcuteditor #capcutvideo #capcute #capcutapp #capcut_edit #capcutpro #capcuttrend #capcuttemplate #capcutanime #capcuttemplates #capcuttransisi #capcutviral #capcutediting #capcuteditz #capcutteks #capcutfreefire #capcuteditorvideo ##capcutmotivacional #capcutamor #foryou #million #fyp #capcuttrend #capcutvelocity #viral #capcuttrend #capcutedit #foryoupa #trend #BirdsOfAFeather #capcutmotivacional #capcutamor #foryou #million #fyp #capcuttrend #capcutvelocity #viral #capcuttrend #capcutedit #foryoupa #trend #BirdsOfAFeather #foryou #‡∏™‡∏õ‡∏µ‡∏î‡∏™‡πÇ‡∏•‡∏ß‡πå #‡∏™‡πÇ‡∏•‡∏ß‡πå‡∏™‡∏°‡∏π‡∏ó #Biscoitocut #CapCut #CapCut new template ü•µüî• #capcuttrend #capcutvelocity #tiktok #foryou #viralvideo #video #viraltiktok #fyp #fyp„Ç∑„Çöviral #foryoupage #capcutmotivacional #capcutamor #foryou #million #fyp #capcuttrend #capcutvelocity #viral #capcuttrend #capcutedit #foryoupa #trend #BirdsOfAFeather #capcutmotivacional #capcutamor #foryou #million #fyp #capcuttrend #capcutvelocity #viral #capcuttrend #capcutedit #foryoupa #trend #BirdsOfAFeather #CapCut new template ü•µüî• #capcuttrend #capcutvelocity #tiktok #foryou #viralvideo #video #viraltiktok #fyp #fyp„Ç∑„Çöviral #foryoupage #capcutmotivacional #capcutamor #foryou #million #fyp #capcuttrend #capcutvelocity #viral #capcuttrend #capcutedit #foryoupa #trend #BirdsOfAFeather #capcutmotivacional #capcutamor #foryou #million #fyp #capcuttrend #capcutvelocity #viral #capcuttrend #capcutedit #foryoupa #trend #BirdsOfAFeather #capcutmotivacional #capcutamor #foryou #million #fyp #capcuttrend #capcutvelocity #viral #capcuttrend #capcutedit #foryoupa #trend #BirdsOfAFeather #capcutmotivacional #capcutamor #foryou #million #fyp #capcuttrend #capcutvelocity #viral #capcuttrend #capcutedit #foryoupa #trend #BirdsOfAFeather #capcutmotivacional #capcutamor #foryou #million #fyp #capcuttrend #capcutvelocity #viral #capcuttrend #capcutedit #foryoupa #trend #BirdsOfAFeather #CapCut ,capcut.template3395,7449303911255065622,200200,4553,855,4000000,,1739042618
7477542845943975190,#tiktokfood #asmr ,zachchoicook6,7462459688363607072,3500000,56300,10600,62400000,https://v16-webapp-prime.tiktok.com/video/tos/no1a/tos-no1a-ve-0068c001-no/owk5W5AnvBsEQwEFOFiZyhVjiB8rBc2ZEONIY/?a=1988&bti=ODszNWYuMDE6&ch=0&cr=3&dr=0&lr=all&cd=0%7C0%7C0%7C&cv=1&br=3094&bt=1547&cs=0&ds=3&ft=-Csk_mgdPD12NiWyuh-Uxt~2hY3W3wv25VcAp&mime_type=video_mp4&qs=0&rc=NWY6ZzllaDc7NzxmZjZlPEBpamVta2o5cnByeTMzbzczNUAxYGJfMi8tXjMxYy4uMl8uYSNeZzJkMmRrby9gLS1kMTFzcw%3D%3D&btag=e00090000&expire=1745150119&l=20250418195401E840E2279131281287AA&ply_type=2&policy=2&signature=a0182c66d692b26515b43d442342f4ad&tk=tt_chain_token,1741001120
7485245880501669162,The last save ‚ò†Ô∏è‚ò†Ô∏è‚ò†Ô∏è #football #neuer #goalkeeper #saves #fyp #targetaudience #bayern #bundesliga #germany #blowthisup #soccer #realmadrid ,zerfutbol_,7314393349024416810,296800,10900,2926,3800000,https://v16-webapp-prime.tiktok.com/video/tos/maliva/tos-maliva-ve-0068c799-us/owfn4QD9IDBEIDtafEAgEK3FuOgFn6u89wQRS7/?a=1988&bti=ODszNWYuMDE6&ch=0&cr=3&dr=0&lr=all&cd=0%7C0%7C0%7C&cv=1&br=2380&bt=1190&cs=0&ds=3&ft=-Csk_mgdPD12NiWyuh-Uxt~2hY3W3wv25VcAp&mime_type=video_mp4&qs=0&rc=Mzo7aDg0NWU0PGdnMzs1aEBpM2h1OnA5cjRoeTMzZzczNEAuLWJfNTJeNWIxNGFhYy5gYSNxb3FoMmRjcmRgLS1kMS9zcw%3D%3D&btag=e00090000&expire=1745150102&l=20250418195401E840E2279131281287AA&ply_type=2&policy=2&signature=576d8980260597471130f055af6ee173&tk=tt_chain_token,1742794681
7474308120727063830,Proof Skinwalkers caught on camera üò± #skinwalker #scary #dog #anima #fear #horror #america #haunted #creepy #horrortok #pov #blowthisupforme ,scaryfactss786,7404629959752320032,1400000,129600,15400,29700000,https://v16-webapp-prime.tiktok.com/video/tos/no1a/tos-no1a-ve-0068c001-no/oUlFUMnE6gWBQBREgek7hfi2iEARKQu5tSntDI/?a=1988&bti=ODszNWYuMDE6&ch=0&cr=3&dr=0&lr=all&cd=0%7C0%7C0%7C&cv=1&br=870&bt=435&cs=0&ds=3&ft=-Csk_mgdPD12NiWyuh-Uxt~2hY3W3wv25VcAp&mime_type=video_mp4&qs=0&rc=ZWhpODM3OTtpOjczaDQ1M0BpM3A5cnM5cmk0eDMzbzczNUAuYjYuLl8uNTExMF8wYjAuYSM2Yi9qMmRjM3FgLS1kMTFzcw%3D%3D&btag=e00090000&expire=1745150104&l=20250418195401E840E2279131281287AA&ply_type=2&policy=2&signature=39d933d8401f03fba1a77a5d0a2b2032&tk=tt_chain_token,1740247974
,,,,,,,,,0
7489463680103501078,#willimiti #fyp #g√∂nnfy ,willimiti,6978125087917507590,287700,124900,2964,4400000,,1743776656
7492098562906459410,Physics Is Overratedü§∑‚Äç‚ôÇÔ∏èüí™ü•è - - #physics #frisbee #freestyle #fyp #beach #challenge #trickshot #duo #skills ,frisbeeyourself,7254517768723710977,1500000,59200,3104,17100000,https://v16-webapp-prime.tiktok.com/video/tos/alisg/tos-alisg-pve-0037c001/oUUgoICIy7PAKofkdQE9CF8IjDyDpAfooQfXYN/?a=1988&bti=ODszNWYuMDE6&ch=0&cr=3&dr=0&lr=all&cd=0%7C0%7C0%7C&cv=1&br=1342&bt=671&cs=0&ds=3&ft=-Csk_mgdPD12NiWyuh-Uxt~2hY3W3wv25VcAp&mime_type=video_mp4&qs=0&rc=cnF8b2hsc2d3SkBwaHIxaDFybndmNzNmNWZmNWc0ZGc7NzQ1Z0BpajlqZXc5cmxueTMzODczNEBjRl5Nc3FePmJKYSNvYF90aHFmOiNgMWIxL2JfNTUxNmIvYGMtYSNmbGpuMmQ0Y3BgLS1kMTFzcw%3D%3D&btag=e000b0000&expire=1745150056&l=20250418195401E840E2279131281287AA&ply_type=2&policy=2&signature=01495fd03794b420bd0cde0ff8af99f3&tk=tt_chain_token,1744390137
7485053774524910891,"ok baby, relax on the facts",nina,6636141494901571590,6000000,273100,15400,53300000,https://v16-webapp-prime.tiktok.com/video/tos/maliva/tos-maliva-ve-0068c799-us/ocdRkfQhAHAPjVw8HAWkBheJZeFjsIA9MCIjnX/?a=1988&bti=ODszNWYuMDE6&ch=0&cr=3&dr=0&lr=all&cd=0%7C0%7C0%7C&cv=1&br=1966&bt=983&cs=0&ds=3&ft=-Csk_mgdPD12NiWyuh-Uxt~2hY3W3wv25VcAp&mime_type=video_mp4&qs=0&rc=ZTdkaTY4NDhpMzQ5NmU7aEBpamZrdGw5cmY3eTMzZzczNEAtLmAvNjReNl4xYS4vNGA0YSNlZjRzMmRjLmRgLS1kMS9zcw%3D%3D&btag=e000b0000&expire=1745150048&l=20250418195401E840E2279131281287AA&ply_type=2&policy=2&signature=32f83b4690434655cbb816bdafb3f649&tk=tt_chain_token,1742749929
7485475475280694550,Remember? ,zah1de_kyc,6836358130437211142,1200000,13100,6650,13500000,,1742848077
7493232804663217463,,korxh19,7436395331224519736,2100000,515000,23100,21400000,https://v16-webapp-prime.tiktok.com/video/tos/useast2a/tos-useast2a-ve-0068c001/o0pWiCzfge4jAIR5PBEDVZi5ITC9SUfTCgQlBb/?a=1988&bti=ODszNWYuMDE6&ch=0&cr=3&dr=0&lr=all&cd=0%7C0%7C0%7C&cv=1&br=2038&bt=1019&cs=0&ds=3&ft=-Csk_mgdPD12NiWyuh-Uxt~2hY3W3wv25VcAp&mime_type=video_mp4&qs=0&rc=ZGk5OGk2aTk4NDVlNWY8ZUBpajM4OHI5cm5ueTMzNzczM0BjMS5iYS00X2MxYDQ2YzIwYSNmNF4uMmRzcnJgLS1kMTZzcw%3D%3D&btag=e000b0000&expire=1745150053&l=20250418195401E840E2279131281287AA&ply_type=2&policy=2&signature=80d3512eaa0e51ab6eec3d8e9a100e15&tk=tt_chain_token,1744654224
7491987584449596694,speedrun brainrot animals  tralalerotralala,daachnikk,7470274942718968864,1300000,396500,6859,15300000,https://v16-webapp-prime.tiktok.com/video/tos/no1a/tos-no1a-ve-0068c001-no/oUgGejDPF8xxWXaF68HMiAAII5L8ApwfERHeQc/?a=1988&bti=ODszNWYuMDE6&ch=0&cr=3&dr=0&lr=all&cd=0%7C0%7C0%7C&cv=1&br=1074&bt=537&cs=0&ds=3&ft=-Csk_mgdPD12NiWyuh-Uxt~2hY3W3wv25VcAp&mime_type=video_mp4&qs=0&rc=ZTNmOjg7N2ZoNGg4OGU7NUBpamg3NHk5cm9oeTMzbzczNUBhM2FeNjZgXzIxMl81YjY1YSNjYXBfMmQ0MnBgLS1kMTFzcw%3D%3D&btag=e00088000&expire=1745150072&l=20250418195401E840E2279131281287AA&ply_type=2&policy=2&signature=843dd6222b8376a9047039f2445df4f3&tk=tt_chain_token,1744364298
7488415299222375702,#police #polisen #polis#polizei #netflixseries #hbo #hbomax #policeofficer #stockholm #policeoftiktok @Netflix Sverige @Netflix @HBO ,jojosweden5,7215936757689992198,55100,6119,2236,2200000,https://v16-webapp-prime.tiktok.com/video/tos/no1a/tos-no1a-ve-0068c001-no/oUaRAQ2BjQpgPAZ8Y5I2fGHJ87JMIDXHIjeLKf/?a=1988&bti=ODszNWYuMDE6&ch=0&cr=3&dr=0&lr=all&cd=0%7C0%7C0%7C&cv=1&br=2834&bt=1417&cs=0&ds=3&ft=-Csk_mgdPD12NiWyuh-Uxt~2hY3W3wv25VcAp&mime_type=video_mp4&qs=0&rc=aDwzOzM2ZDM2OjNlZTNnOkBpM3huOng5cjM2eTMzbzczNUAyMl9fLmNjXy0xLi42M182YSNtc3BuMmRzMWpgLS1kMTFzcw%3D%3D&btag=e00090000&expire=1745150173&l=20250418195401E840E2279131281287AA&ply_type=2&policy=2&signature=1870c05dcabc072aaab42a8d86769fa9&tk=tt_chain_token,1743532557
7493469801654881542,#vairalvideo_foryoupage  #üá¶üá´ÿßÿ≤ÿ®⁄©_ÿ™ÿßÿ¨⁄©_Ÿæÿ¥ÿ™ŸàŸÜ_ÿ™ÿ±⁄©ŸÖŸÜ_Ÿáÿ≤ ,afgcap.cut,7461541069958153234,15800,451,258,365200,https://webapp-va.tiktok.com/88847b04ddf03213de70ce70ab615c75/6804e06c/kmoat/mps/logo/v3/r/p/v09044g40000cvv2dnvog65tk8ilmaig/7f5e58e1afd04e9cb34fce14b5be0876/ea3d289b8a74d773b848a33bf5591fa3/mp4/main.mp4?a=1988&bti=ODszNWYuMDE6&ch=0&cr=3&dr=0&lr=all&cd=0%7C0%7C0%7C&cv=1&br=0&bt=0&cs=0&ds=3&ft=bLZkJmgdPD12NUWyuh-UxDJ5SY3W3wv25BcAp&mime_type=video_mp4&qs=0&rc=cnF8b2hsc2d3SkBwaHIxaDFybndmOTtoODdoaTZmaDNpNDtoaUBpamRvO3c5cnE1eTMzNzczM0BjRl5Nc3FePmJKYSNvYF90aHFmOiM0LV9fLmAxXzYxYV5iMjI0YSNmamZoMmRzYXNgLS1kMTZzcw%3D%3D&btag=e000b8000&definition=720p&du=17&item_id=7493469801654881542&l=202504181954039B13A23BB96786126098&logo_type=tiktok_creator&ply_type=2&policy=eyJ2bSI6MiwiY2siOiJ0dF9jaGFpbl90b2tlbiJ9&sign_params=item_id%2Cuser_text&user_text=afgcap.cut,1744709406
7489932324423978262,#fyp #videoviral #relatable #ukcomedy ,amzszinotv,7196125982942643205,4100000,829800,16000,33300000,https://v16-webapp-prime.tiktok.com/video/tos/no1a/tos-no1a-ve-0068c001-no/ocUjgAfck8Ig86RfExgKQTFEmuDG6n0rDPFZBy/?a=1988&bti=ODszNWYuMDE6&ch=0&cr=3&dr=0&lr=all&cd=0%7C0%7C0%7C&cv=1&br=2390&bt=1195&cs=0&ds=3&ft=-Csk_mgdPD12NUWyuh-UxDJ5SY3W3wv25BcAp&mime_type=video_mp4&qs=0&rc=OjM1OThnaGVpNjk1OzRoM0BpMzZudWo5cmZzeTMzbzczNUA1YDYtY2A0NjMxXjQyMjRjYSNjZ2Q1MmRjXmxgLS1kMTFzcw%3D%3D&btag=e000b0000&expire=1745150053&l=202504181954039B13A23BB96786126098&ply_type=2&policy=2&signature=1e1b4d7cbf14b4e31a272e01afb49bbe&tk=tt_chain_token,1743885767
7492000423641959685,#CapCut #ŸÇŸàÿßŸÑÿ®_ŸÉÿßÿ®_ŸÉÿßÿ™_ÿ¨ÿßŸáÿ≤Ÿá_ŸÑŸÑÿ™ÿµŸÖŸäŸÖ__üå¥‚ô• #ŸÉÿßÿ®_ŸÉÿßÿ™_ŸÑŸÑŸÖÿ≠ÿ™ÿ±ŸäŸÅŸäŸäŸÜüòâüí™üèª ,noordeen_cap_cat_0_1,7322835376556442629,58400,1576,451,1300000,https://webapp-va.tiktok.com/6508d64d970e751a24227d95fc22d1c3/6804e06d/kmoat/mps/logo/v3/r/p/v09044g40000cvsestnog65q4tfh9qg0/f9ea3c8db1f042169ed135c36c5d6660/c95c26b83f5959e0fed8c28d15565889/mp4/main.mp4?a=1988&bti=ODszNWYuMDE6&ch=0&cr=3&dr=0&lr=all&cd=0%7C0%7C0%7C&cv=1&br=0&bt=0&cs=0&ds=3&ft=bLZkJmgdPD12NUWyuh-UxDJ5SY3W3wv25BcAp&mime_type=video_mp4&qs=0&rc=cnF8b2hsc2d3SkBwaHIxaDFybndmMzlnZjY4NGg5NTM0Z2ZkPEBpM3Rrd3Q5cndoeTMzNzczM0BjRl5Nc3FePmJKYSNvYF90aHFmOiMzMzIzYDBhNi4xY181MGJjYSNkNmMxMmRrcHBgLS1kMTZzcw%3D%3D&btag=e000b8000&definition=720p&du=18&item_id=7492000423641959685&l=202504181954039B13A23BB96786126098&logo_type=tiktok_creator&ply_type=2&policy=eyJ2bSI6MiwiY2siOiJ0dF9jaGFpbl90b2tlbiJ9&sign_params=item_id%2Cuser_text&user_text=noordeen_cap_cat_0_1,1744367290
7472584144510373125,i think it was a bad idea,maligoshik,7014608336423617542,18000000,1300000,24000,168600000,https://webapp-va.tiktok.com/a69ab099aafd77ffd080c49626265eb3/6804e062/kmoat/mps/logo/v3/r/p/v09044g40000cupv2cvog65n42onabm0/627695a60e934483a9e848cee663b7e4/3ca628f470a6d25bfd0dcfbacdd1cf8f/mp4/main.mp4?a=1988&bti=ODszNWYuMDE6&ch=0&cr=3&dr=0&lr=all&cd=0%7C0%7C0%7C&cv=1&br=0&bt=0&cs=0&ds=3&ft=bLZkJmgdPD12NUWyuh-UxDJ5SY3W3wv25BcAp&mime_type=video_mp4&qs=0&rc=cnF8b2hsc2d3SkBwaHIxaDFybndmNzo2OWg7Ozw2NzZoOTg5NUBpM2VxNXE5cmZ5eDMzNzczM0BjRl5Nc3FePmJKYSNvYF90aHFmOiNiXzNiYDFiXjUxNi1eNjQzYSNqXmwxMmRzL21gLS1kMTZzcw%3D%3D&btag=e000b0000&definition=720p&du=7&item_id=7472584144510373125&l=202504181954039B13A23BB96786126098&logo_type=tiktok_creator&ply_type=2&policy=eyJ2bSI6MiwiY2siOiJ0dF9jaGFpbl90b2tlbiJ9&sign_params=item_id%2Cuser_text&user_text=maligoshik,1739846584
7489550724301475090,ÿ±ÿßÿ≠Ÿá ŸÜŸÅÿ≥ŸäŸá ‚ò∫Ô∏èüôÇ #CapCut#ÿßÿ¥ŸáÿØ_ÿßŸÜ_ŸÑÿß_ÿßŸÑŸá_ÿßŸÑÿß_ÿßŸÑŸÑŸá #ÿπÿ®ÿØÿßŸÑÿ±ÿ≠ŸÖŸÜ_ŸÖÿ≥ÿπÿØ #ŸÇÿ±ÿßŸÜ_ŸÉÿ±ŸäŸÖ #ŸÑÿß_ÿßŸÑŸá_ÿßŸÑÿß_ÿßŸÑŸÑŸá #follow #ŸÖÿ≠ŸÖÿØ_ÿ±ÿ≥ŸàŸÑ_ÿßŸÑŸÑŸá #BODA #ÿßÿ±ÿ≠_ÿ≥ŸÖÿπŸÉ_ÿ®ÿßŸÑŸÇÿ±ÿßŸÜ #ÿ±ÿßÿ≠ÿ©_ŸÜŸÅÿ≥Ÿäÿ© #ÿßŸÑŸÇÿ±ÿßŸÜ_ÿßŸÑŸÉÿ±ŸäŸÖ_ÿ±ÿßÿ≠Ÿá_ŸÜŸÅÿ≥Ÿäÿ©üòçüïã ,.__holy.quran,7441624885296825351,35800,1757,384,627900,https://v16-webapp-prime.tiktok.com/video/tos/alisg/tos-alisg-pve-0037c001/ownRDEglIonQlvEGEBwZ0UFBZ8TiTBfDeAAtpb/?a=1988&bti=ODszNWYuMDE6&ch=0&cr=3&dr=0&lr=all&cd=0%7C0%7C0%7C&cv=1&br=492&bt=246&cs=0&ds=3&ft=-Csk_mgdPD12NUWyuh-UxDJ5SY3W3wv25BcAp&mime_type=video_mp4&qs=0&rc=PDlpZTo3Zjw5ODxlaDY7N0Bpam5wOXg5cnA2eTMzODczNEBfMi9fLTE2XjMxYy5fNTQzYSM2X2BoMmRzaGxgLS1kMTFzcw%3D%3D&btag=e00088000&expire=1745150090&l=202504181954039B13A23BB96786126098&ply_type=2&policy=2&signature=727b29fd6f7704cd360b50219e0412bc&tk=tt_chain_token,1743796924
7483193151004445974,#CapCut Speedquiz ü§Øüß†‚úÖÔ∏è #fyp #viral_video #quiz #quiztime #brainteaser #quizchallenge ,brainyy.quiz,7455038831655060502,27900,19700,7456,1100000,,1742316683
7485141742186941718,Shake bodyüï∫üèæüò≠üòÇ,lamine.yamal,6530675909802857487,12700000,351300,88100,129100000,https://v16-webapp-prime.tiktok.com/video/tos/no1a/tos-no1a-ve-0068-no/oMLP4eARQfMAggpXkIMsffeCnFrsMiAtg61z8a/?a=1988&bti=ODszNWYuMDE6&ch=0&cr=3&dr=0&lr=all&cd=0%7C0%7C0%7C&cv=1&br=1228&bt=614&cs=0&ds=3&ft=-Csk_mgdPD12NUWyuh-UxDJ5SY3W3wv25BcAp&mime_type=video_mp4&qs=0&rc=aWllOGRlNGc5PDU3NzNkOkBpM2Z4cXY5cmU8eTMzbzczNUA0MzBiX18xNTYxYi1hMGI1YSNzYWByMmRzLWRgLS1kMTFzcw%3D%3D&btag=e000b8000&expire=1745150059&l=202504181954039B13A23BB96786126098&ply_type=2&policy=2&signature=7019252ac1af7cbb5629ae069e9d2bb0&tk=tt_chain_token,1742770377
7489851520817679624,tung tung tung sahur edit #ke≈üfet #edit #aftereffects #tung #brainrot #ai #sahur #italian,rhuent__,7380970342758155269,1500000,491900,12700,15300000,https://webapp-sg.tiktok.com/98a185983e2a7fa7aff61ed40c80d962/6804e06d/kmoat/mps/logo/v3/r/p/v14025g50000cvoko0fog65qscq49590/d128b9e7ff4f48cfb07ccffec200d01b/233cf2335d4ad9fc946f3c425ea378a4/mp4/main.mp4?a=1988&bti=ODszNWYuMDE6&ch=0&cr=3&dr=0&lr=all&cd=0%7C0%7C0%7C&cv=1&br=0&bt=0&cs=0&ds=3&ft=bLZkAmgdPD12NUWyuh-UxDJ5SY3W3wv25BcAp&mime_type=video_mp4&qs=0&rc=cnF8b2hsc2d3SkBwaHIxaDFybndmZTMzNWhpZjNpO2lpOjw7NEBpMzg3ZnQ5cjNueTMzODgzNEBjRl5Nc3FePmJKYSNvYF90aHFmOiMuYS1gY2A0X2AxMWNiXy9hYSM2Nm5wMmRjbGxgLS1kLzFzcw%3D%3D&btag=e000b8000&definition=720p&du=17&item_id=7489851520817679624&l=202504181954039B13A23BB96786126098&logo_type=tiktok_creator&ply_type=2&policy=eyJ2bSI6MiwiY2siOiJ0dF9jaGFpbl90b2tlbiJ9&sign_params=item_id%2Cuser_text&user_text=rhuent__,1743866954
7490324147852119327,What assist was the best? ü§îüëá#nba #basketball ,jinx.nba,7387087231481857066,214700,2381,269,6000000,https://v16-webapp-prime.tiktok.com/video/tos/maliva/tos-maliva-ve-0068c799-us/oEpzRvqLnQVlEREhMB8FLfoEI2DgyGAb2Af1nd/?a=1988&bti=ODszNWYuMDE6&ch=0&cr=3&dr=0&lr=all&cd=0%7C0%7C0%7C&cv=1&br=4618&bt=2309&cs=0&ds=3&ft=-Csk_mgdPD12NUWyuh-UxDJ5SY3W3wv25BcAp&mime_type=video_mp4&qs=0&rc=NztoZzQ0OzpnODg5ZWRkZ0Bpam5mbWo5cmdpeTMzaTczNEAxNjQ2Ly9gNi4xL18uNDAtYSNub2twMmRraG1gLS1kMTJzcw%3D%3D&btag=e00090000&expire=1745150106&l=202504181954039B13A23BB96786126098&ply_type=2&policy=2&signature=40583b4728ae923525e09c27fe1a2477&tk=tt_chain_token,1743977022
7462429961345879318,glaube er hatte nicht so bock auf mich..üíÄ #foryoupage #virall #fyp #deutsch ,allroundii,7316534594073625633,682800,165200,6876,10200000,,1737482377
7486238383644134711,o melhor jogador do mundo Ataca novamente #futebolarte #futebol #futsal #futsalindonesia #futsalplayer #skills4all #dribles #futsalskills #gol #skills #skill #arte #melhordomundo #fut ,futebol_show2,6823884583492256773,374200,183100,4272,7600000,https://v16-webapp-prime.tiktok.com/video/tos/useast2a/tos-useast2a-ve-0068c004/okI5IIAzreku1iBK6uLBKoQCkAgPAdjkuEWYiR/?a=1988&bti=ODszNWYuMDE6&ch=0&cr=3&dr=0&lr=all&cd=0%7C0%7C0%7C&cv=1&br=5830&bt=2915&cs=0&ds=3&ft=-Csk_mgdPD12NUWyuh-UxDJ5SY3W3wv25BcAp&mime_type=video_mp4&qs=0&rc=aWlpNGhnPGU0aWRnZWdmZ0BpMzNycHQ5cnc6eTMzNzczM0AzMy4wYy0zXzIxYDFiMDZjYSNrLzJlMmQ0XmZgLS1kMTZzcw%3D%3D&btag=e00090000&expire=1745150104&l=202504181954039B13A23BB96786126098&ply_type=2&policy=2&signature=d033f07768c3cfb1e1deeb2190bf32ed&tk=tt_chain_token,1743025709
7477658166235286791,#mascotas #humormascotasüòÇüòÇ #mascotastiktok #vira #fyou #lomitos #pitbull ,rokopitbull,6847768940501599238,14800000,2200000,37500,99400000,https://v16-webapp-prime.tiktok.com/video/tos/alisg/tos-alisg-pve-0037c001/o0m8VisQ3jNZPAnBDEBIBx04a5iKAc9YV6XEI/?a=1988&bti=ODszNWYuMDE6&ch=0&cr=3&dr=0&lr=all&cd=0%7C0%7C0%7C&cv=1&br=1584&bt=792&cs=0&ds=3&ft=-Csk_mgdPD12NUWyuh-UxDJ5SY3W3wv25BcAp&mime_type=video_mp4&qs=0&rc=ZTtoZjU3ZjQ8aTtlM2RlPEBpMzs3eXQ5cm55eTMzODczNEAzLjJfMV5eNTMxNDJeY142YSM1bjVvMmQ0Zy9gLS1kMTFzcw%3D%3D&btag=e000b0000&expire=1745150050&l=202504181954039B13A23BB96786126098&ply_type=2&policy=2&signature=6c26dceb3ac2fa6d35b7666b994d56f9&tk=tt_chain_token,1741027969
7491987584449596694,speedrun brainrot animals  tralalerotralala,daachnikk,7470274942718968864,1300000,396500,6859,15300000,https://v16-webapp-prime.tiktok.com/video/tos/no1a/tos-no1a-ve-0068c001-no/oUgGejDPF8xxWXaF68HMiAAII5L8ApwfERHeQc/?a=1988&bti=ODszNWYuMDE6&ch=0&cr=3&dr=0&lr=all&cd=0%7C0%7C0%7C&cv=1&br=1074&bt=537&cs=0&ds=3&ft=-Csk_mgdPD12NUWyuh-UxDJ5SY3W3wv25BcAp&mime_type=video_mp4&qs=0&rc=ZTNmOjg7N2ZoNGg4OGU7NUBpamg3NHk5cm9oeTMzbzczNUBhM2FeNjZgXzIxMl81YjY1YSNjYXBfMmQ0MnBgLS1kMTFzcw%3D%3D&btag=e00088000&expire=1745150074&l=202504181954039B13A23BB96786126098&ply_type=2&policy=2&signature=6c59d99df285be26cb1a5afcc904f17d&tk=tt_chain_token,1744364298
7462493823202037014,99th-minute chaos ü§Ø #UCL #AtleticovsLeverkusen ,championsleague,6941075248162931717,912500,17300,2434,18200000,https://webapp-no1a.tiktok.com/af49ac885d8dd0e8ed7afd41bee0929f/6804e063/kmoat/mps/logo/v3/r/p/v24044gl0000cu81k8vog65jillf65a0/f38a57d594ee4406968ccedeb75bbe18/9867229a43e4a75ec4ffab4910f525c4/mp4/main.mp4?a=1988&bti=ODszNWYuMDE6&ch=0&cr=3&dr=0&lr=all&cd=0%7C0%7C0%7C&cv=1&br=0&bt=0&cs=0&ds=3&ft=_kKG3Y0-C12NvjR68dHnRf2eYlcI6IxVvYypiX&mime_type=video_mp4&qs=0&rc=cnF8b2hsc2d3SkBwaHIxaDFybndmO2hlOmhoZjk5N2g3ODpkNkBpMzhpb205cjs0eDMzbzczNUBjRl5Nc3FePmJKYSNvYF90aHFmOiMuXzJfYWA1Ni0xYjZhMjVjYSNeM2lmMmRzaDVgLS1kMTFzcw%3D%3D&btag=e000b0000&definition=720p&du=7&item_id=7462493823202037014&l=202504181954039B13A23BB96786126098&logo_type=tiktok_creator&ply_type=2&policy=eyJ2bSI6MiwiY2siOiJ0dF9jaGFpbl90b2tlbiJ9&sign_params=item_id%2Cuser_text&user_text=championsleague,1737497244
7486889276454587670,Cashier folded faster than our payment method üò≠üÉè #rizz #huzz #humour #prank #skibidi #explore #funny #povs #viral #ohio #foryou #perte #walmart #reaction #shocked #raybanmeta #snowmanandblackbeard ,blackbeardedsnowman,7483218932854785046,10800000,967800,22600,125600000,https://v16-webapp-prime.tiktok.com/video/tos/no1a/tos-no1a-ve-0068-no/oMQIAI6gjufQPAkepX0zfYsmTXGGIDLrIjhLSL/?a=1988&bti=ODszNWYuMDE6&ch=0&cr=3&dr=0&lr=all&cd=0%7C0%7C0%7C&cv=1&br=3612&bt=1806&cs=0&ds=3&ft=-Csk_mgdPD12NUWyuh-UxDJ5SY3W3wv25BcAp&mime_type=video_mp4&qs=0&rc=OTtmPDM3ODw4Z2VoOjZpOEBpM2V4Z3g5cm9meTMzbzczNUAtYV82NGA2XzIxLzAyYWJgYSNxXzRoMmRjX2dgLS1kMTFzcw%3D%3D&btag=e00088000&expire=1745150077&l=202504181954039B13A23BB96786126098&ply_type=2&policy=2&signature=bf0ade747cad8bde14833b0c6a48852b&tk=tt_chain_token,1743177252
7493232804663217463,,korxh19,7436395331224519736,2100000,515000,23100,21400000,https://webapp-va.tiktok.com/1782edff840cdb0a6beed086bf52efa0/6804e067/kmoat/mps/logo/v3/r/p/v09044g40000cvukukvog65o15a570ig/08641aaebf6f43c1aa0f582dfc2b509f/bba82e43c0b38409e4fa8c2248da5a65/mp4/main.mp4?a=1988&bti=ODszNWYuMDE6&ch=0&cr=3&dr=0&lr=all&cd=0%7C0%7C0%7C&cv=1&br=0&bt=0&cs=0&ds=3&ft=bLZkJmgdPD12NUWyuh-UxDJ5SY3W3wv25BcAp&mime_type=video_mp4&qs=0&rc=cnF8b2hsc2d3SkBwaHIxaDFybndmaTNlZmc7aWQ0NmlpaGQ3O0BpajM4OHI5cm5ueTMzNzczM0BjRl5Nc3FePmJKYSNvYF90aHFmOiM2Mi9jLzItXmAxM19eLjMtYSNmNF4uMmRzcnJgLS1kMTZzcw%3D%3D&btag=e000b0000&definition=720p&du=11&item_id=7493232804663217463&l=202504181954039B13A23BB96786126098&logo_type=tiktok_creator&ply_type=2&policy=eyJ2bSI6MiwiY2siOiJ0dF9jaGFpbl90b2tlbiJ9&sign_params=item_id%2Cuser_text&user_text=korxh19,1744654224
7469131153203645718,New CapCut Templateüï∫üèª #CapCut #CapCut #funknocapcut #funk #capcut #capcutedit #capcutedits #capcuttutorial #capcutjedagjedug #capcuteditor #capcutvideo #capcute #capcutapp #capcut_edit #capcutpro #capcuttrend #capcuttemplate #capcutanime #capcuttemplates #capcuttransisi #capcutviral #capcutediting #capcuteditz #capcutteks #capcutfreefire #capcuteditorvideo ##capcutmotivacional #capcutamor #foryou #million #fyp #capcuttrend #capcutvelocity #viral #capcuttrend #capcutedit #foryoupa #trend #BirdsOfAFeather #capcutmotivacional #capcutamor #foryou #million #fyp #capcuttrend #capcutvelocity #viral #capcuttrend #capcutedit #foryoupa #trend #BirdsOfAFeather #foryou #‡∏™‡∏õ‡∏µ‡∏î‡∏™‡πÇ‡∏•‡∏ß‡πå #‡∏™‡πÇ‡∏•‡∏ß‡πå‡∏™‡∏°‡∏π‡∏ó #Biscoitocut #CapCut #CapCut new template ü•µüî• #capcuttrend #capcutvelocity #tiktok #foryou #viralvideo #video #viraltiktok #fyp #fyp„Ç∑„Çöviral #foryoupage #capcutmotivacional #capcutamor #foryou #million #fyp #capcuttrend #capcutvelocity #viral #capcuttrend #capcutedit #foryoupa #trend #BirdsOfAFeather #capcutmotivacional #capcutamor #foryou #million #fyp #capcuttrend #capcutvelocity #viral #capcuttrend #capcutedit #foryoupa #trend #BirdsOfAFeather #CapCut new template ü•µüî• #capcuttrend #capcutvelocity #tiktok #foryou #viralvideo #video #viraltiktok #fyp #fyp„Ç∑„Çöviral #foryoupage #capcutmotivacional #capcutamor #foryou #million #fyp #capcuttrend #capcutvelocity #viral #capcuttrend #capcutedit #foryoupa #trend #BirdsOfAFeather #capcutmotivacional #capcutamor #foryou #million #fyp #capcuttrend #capcutvelocity #viral #capcuttrend #capcutedit #foryoupa #trend #BirdsOfAFeather #capcutmotivacional #capcutamor #foryou #million #fyp #capcuttrend #capcutvelocity #viral #capcuttrend #capcutedit #foryoupa #trend #BirdsOfAFeather #capcutmotivacional #capcutamor #foryou #million #fyp #capcuttrend #capcutvelocity #viral #capcuttrend #capcutedit #foryoupa #trend #BirdsOfAFeather #capcutmotivacional #capcutamor #foryou #million #fyp #capcuttrend #capcutvelocity #viral #capcuttrend #capcutedit #foryoupa #trend #BirdsOfAFeather #CapCut ,capcut.template3395,7449303911255065622,200200,4553,855,4000000,,1739042618
7485475475280694550,Remember? ,zah1de_kyc,6836358130437211142,1200000,13100,6650,13500000,,1742848077
7492098562906459410,Physics Is Overratedü§∑‚Äç‚ôÇÔ∏èüí™ü•è - - #physics #frisbee #freestyle #fyp #beach #challenge #trickshot #duo #skills ,frisbeeyourself,7254517768723710977,1500000,59200,3104,17100000,https://webapp-sg.tiktok.com/8bab1edb0ed534113d8efa6a383ad9d0/6804e06a/kmoat/mps/logo/v3/r/p/v14044g50000cvskfi7og65tqbmgo6ig/1f7133fd7214442e96571948e08f8c1e/4b8461d84d3d9ea50d67584239360599/mp4/main.mp4?a=1988&bti=ODszNWYuMDE6&ch=0&cr=3&dr=0&lr=all&cd=0%7C0%7C0%7C&cv=1&br=0&bt=0&cs=0&ds=3&ft=bLZkAmgdPD12NUWyuh-UxDJ5SY3W3wv25BcAp&mime_type=video_mp4&qs=0&rc=cnF8b2hsc2d3SkBwaHIxaDFybndmaGZpMzs8OjloNzc1ZzY0aUBpajlqZXc5cmxueTMzODczNEBjRl5Nc3FePmJKYSNvYF90aHFmOiMuNTViMS4yNi8xLjRjMDQuYSNmbGpuMmQ0Y3BgLS1kMTFzcw%3D%3D&btag=e000b0000&definition=720p&du=14&item_id=7492098562906459410&l=202504181954039B13A23BB96786126098&logo_type=tiktok_creator&ply_type=2&policy=eyJ2bSI6MiwiY2siOiJ0dF9jaGFpbl90b2tlbiJ9&sign_params=item_id%2Cuser_text&user_text=frisbeeyourself,1744390137
7474308120727063830,Proof Skinwalkers caught on camera üò± #skinwalker #scary #dog #anima #fear #horror #america #haunted #creepy #horrortok #pov #blowthisupforme ,scaryfactss786,7404629959752320032,1400000,129600,15400,29700000,https://v16-webapp-prime.tiktok.com/video/tos/no1a/tos-no1a-ve-0068c001-no/oUlFUMnE6gWBQBREgek7hfi2iEARKQu5tSntDI/?a=1988&bti=ODszNWYuMDE6&ch=0&cr=3&dr=0&lr=all&cd=0%7C0%7C0%7C&cv=1&br=870&bt=435&cs=0&ds=3&ft=-Csk_mgdPD12NUWyuh-UxDJ5SY3W3wv25BcAp&mime_type=video_mp4&qs=0&rc=ZWhpODM3OTtpOjczaDQ1M0BpM3A5cnM5cmk0eDMzbzczNUAuYjYuLl8uNTExMF8wYjAuYSM2Yi9qMmRjM3FgLS1kMTFzcw%3D%3D&btag=e00090000&expire=1745150106&l=202504181954039B13A23BB96786126098&ply_type=2&policy=2&signature=b77e08f10019ccfea128fa545fb86eed&tk=tt_chain_token,1740247974
,,,,,,,,,0
7489463680103501078,#willimiti #fyp #g√∂nnfy ,willimiti,6978125087917507590,287700,124900,2964,4400000,,1743776656
7468059657433517345,Kinda obvious #fyp #ishowspeed ,secretlifeofgigii,7176926299758511110,807800,9284,9829,6900000,https://v16-webapp-prime.tiktok.com/video/tos/useast2a/tos-useast2a-ve-0068c001-euttp/oUfnUmRqEEDoIkXEZFF9ZISkDaBeEQBu9uQP6A/?a=1988&bti=ODszNWYuMDE6&ch=0&cr=3&dr=0&lr=all&cd=0%7C0%7C0%7C&cv=1&br=1662&bt=831&cs=0&ds=3&ft=-Csk_mgdPD12NUWyuh-UxDJ5SY3W3wv25BcAp&mime_type=video_mp4&qs=0&rc=MzM0ZTk3PGc4ZDQ7aWc5aEBpM2g1cXE5cnB3eDMzZjczM0AwLl5eMC8tXzYxLi01NjReYSNhYWViMmRjcmVgLS1kMWNzcw%3D%3D&btag=e000b0000&expire=1745150052&l=202504181954039B13A23BB96786126098&ply_type=2&policy=2&signature=05619f3db0fb8907e3cd3f83e24898be&tk=tt_chain_token,1738793148
7485053774524910891,"ok baby, relax on the facts",nina,6636141494901571590,6000000,273100,15400,53300000,https://v16-webapp-prime.tiktok.com/video/tos/maliva/tos-maliva-ve-0068c799-us/o8AOAPJI4CIuhAjHXjhAfWQHFxMfkweG98ZjJk/?a=1988&bti=ODszNWYuMDE6&ch=0&cr=3&dr=0&lr=all&cd=0%7C0%7C0%7C&cv=1&br=1496&bt=748&cs=0&ds=3&ft=-Csk_mgdPD12NUWyuh-UxDJ5SY3W3wv25BcAp&mime_type=video_mp4&qs=0&rc=aDxlaWU8ZDplO2Q1ZWY7NkBpamZrdGw5cmY3eTMzZzczNEBgYjJjYS1iNWMxYjQuLTFiYSNlZjRzMmRjLmRgLS1kMS9zcw%3D%3D&btag=e000b0000&expire=1745150050&l=202504181954039B13A23BB96786126098&ply_type=2&policy=2&signature=62b3ddeff881afcd8fbec608fefa2169&tk=tt_chain_token,1742749929
7476281907320245510,Lionel Messi's superhuman skills ‚ò†Ô∏èüî• #messi #messi_king #dribbling #goviral #goatüêê #football #footballtiktok #soccer ,lm10.2prime,7412772552404681733,3100000,137000,23200,38900000,https://v16-webapp-prime.tiktok.com/video/tos/useast2a/tos-useast2a-ve-0068c001/owIC54QzmiaZAAk9zz0CI9oHsiIHfgaBEBFvKG/?a=1988&bti=ODszNWYuMDE6&ch=0&cr=3&dr=0&lr=all&cd=0%7C0%7C0%7C&cv=1&br=2164&bt=1082&cs=0&ds=3&ft=-Csk_mgdPD12NUWyuh-UxDJ5SY3W3wv25BcAp&mime_type=video_mp4&qs=0&rc=NWVpZzpnM2U4N2k7NTllaEBpanRnaG45cjRreTMzNzczM0AtYjUwMGAtNi0xXjU1XzMtYSNgaGJnMmRjYC1gLS1kMTZzcw%3D%3D&btag=e00090000&expire=1745150104&l=202504181954039B13A23BB96786126098&ply_type=2&policy=2&signature=06a40b1ba5b5a5cc4b8b13953f56f79c&tk=tt_chain_token,1740707536
7488793321310113066,#fyp #jamaicantiktoküáØüá≤viral ,tiyonaaa1,6967718054776718341,6200000,707200,13200,39200000,https://v16-webapp-prime.tiktok.com/video/tos/maliva/tos-maliva-ve-0068c799-us/ooDet4fBQQ6xPFBIEKzCAfkWE2EHtIQAjWbJ3r/?a=1988&bti=ODszNWYuMDE6&ch=0&cr=3&dr=0&lr=all&cd=0%7C0%7C0%7C&cv=1&br=1794&bt=897&cs=0&ds=3&ft=-Csk_mgdPD12NUWyuh-UxDJ5SY3W3wv25BcAp&mime_type=video_mp4&qs=0&rc=ZWU7aGg5ZTU1OjtpNjs6NUBpM3Q0N3M5cmlyeTMzZzczNEAuLV4xX2MxXmExLmAwNDQvYSNfYS9zMmRzZGpgLS1kMS9zcw%3D%3D&btag=e000b0000&expire=1745150050&l=202504181954039B13A23BB96786126098&ply_type=2&policy=2&signature=6bbfb46f67082269eacddccbb68da84c&tk=tt_chain_token,1743620583
7491267488789941526,Top 5 worst voice kids performances #voicekids #viral ,vids.for.you8,7490975389218931734,331600,33300,5138,4000000,https://v16-webapp-prime.tiktok.com/video/tos/no1a/tos-no1a-ve-0068-no/oUkj9HbRtI3dEVVFinlgQFB4iefQABVPbEO25q/?a=1988&bti=ODszNWYuMDE6&ch=0&cr=3&dr=0&lr=all&cd=0%7C0%7C0%7C&cv=1&br=2140&bt=1070&cs=0&ds=3&ft=-Csk_mgdPD12NUWyuh-UxDJ5SY3W3wv25BcAp&mime_type=video_mp4&qs=0&rc=OGlmZWk1OjZmZTZpaTc8N0Bpamdwb3I5cnk4eTMzbzczNUAtMjRjLV81XjAxX2EwXjQvYSMwNF9vMmRjL29gLS1kMTFzcw%3D%3D&btag=e00090000&expire=1745150165&l=202504181954039B13A23BB96786126098&ply_type=2&policy=2&signature=840e5477fbb9318d2ed44ab5573fdb7a&tk=tt_chain_token,1744196636
7486095825416752406,Baby monkey Moon was able to control her car and had no trouble. #animal #monkeysoftiktok #babymonkey #monkeydluffy #cutemonkey #monkey ,funny.moon.monkey,7477435442776130582,413800,204900,4365,7900000,,1742992514
7461757350492278048,This is a great goal üò≥üò≠ @Fabio Andr√©s #golazo #goal #footballtiktok #football #futbol #futebol #aura #soccer #soccertiktok #footy #fifa #fut #4u #goviral #trending #shot #skills #footballskills #fifa #fut #meme #funny #jokes ,risingballers,6718984144989438982,868600,231400,5817,10900000,https://v16-webapp-prime.tiktok.com/video/tos/useast2a/tos-useast2a-ve-0068c001-euttp/oU3hs3zOMCINi2dCirAGsIEBRoOnx4rAONflH8/?a=1988&bti=ODszNWYuMDE6&ch=0&cr=3&dr=0&lr=all&cd=0%7C0%7C0%7C&cv=1&br=1452&bt=726&cs=0&ds=3&ft=-Csk_mgdPD12NUWyuh-UxDJ5SY3W3wv25BcAp&mime_type=video_mp4&qs=0&rc=OTwzaDo3aDVkO2g6NjZoNkBpM2dsbXY5cnVxeDMzZjczM0BfMTM1LzItNl8xLy00LS8uYSM0amliMmRjazNgLS1kMWNzcw%3D%3D&btag=e000b0000&expire=1745150049&l=202504181954039B13A23BB96786126098&ply_type=2&policy=2&signature=3cf526af2a5e93f22f6f806bf9cd6e00&tk=tt_chain_token,1737325774
