video_id,title,description,channel_title,published_at,view_count,like_count,comment_count,url,scraped_at
4sHs9ujo1eg,Die Heuchelei der Stars & Influencer auf dem Coachella Festival,"Das Coachella Festival ist grade bei vielen Influencern auf Social Media zu sehen. Aber was steckt eigentlich dunkles hinter der bunten Fassade?!
Mein letztes Video: https://youtu.be/1TatbecMH1Y
WERBUNG Zu Formel Skin: https://i.formelskin.de/AJOE-A
Code ALICIAJOE fÃ¼r -40% auf die ersten zwei Monate: 26â‚¬/Monat, danach 44â‚¬/Monat im 2-Monats-Set; gilt nur fÃ¼r Neukund:innen
_________________________________

REACTIONS auf meine Videos sind grundsÃ¤tzlich immer ERLAUBT! 
Der Upload eurer Reaction sollte bestenfalls erst 24 Stunden nach meiner VerÃ¶ffentlichung stattfinden.
_________________________________

QUELLEN: https://docs.google.com/document/d/e/2PACX-1vSMzKy119-AfPZ5-VY9lQLR2k6HPgb7e_IyYcxANmehmoJ35v8u7rykLL15AE2AoNis5IXMVUw7zMfy/pub
THUMBNAIL: Fotomontage aus: https://www.instagram.com/p/DIV0FJxNpBY/?img_index=3
_________________________________

MEIN TWITCH KANAL
aliciajoe
https://www.twitch.tv/aliciajoe

MEIN INSTAGRAM
aliciajoe
https://www.instagram.com/aliciajoe

MEIN REACTION-KANAL
Genug Internet fÃ¼r heute
https://www.youtube.com/channel/UCsdB5r8CaT6_T5KB3nK1j6g",Alicia Joe,2025-04-21T16:02:49Z,322656,19853,1352,https://www.youtube.com/watch?v=4sHs9ujo1eg,2025-04-22 22:06:12.302112
gTA6gQIC39A,Warum ausgerechnet Katy Perry jetzt ins All fliegt,"Anzeige | Ladet euch fÃ¼r eure nÃ¤chste Reise Airlo runter: https://try.airalo.com/DesyF und benutzt meinen Code ""DESY3"" fÃ¼r 3â‚¬ Rabatt ğŸŒ! 

Katy Perry fliegt mit 5 anderen Frauen ins Weltall und sie schreiben damit Geschichte.  Eine richtige ""Feminismus"" und ""Female Empowerment"" Bewegung... Oder ist es der dystopische Beginn vom Weltraumtourismus? Eine Marketingkampagne von Blue Origin und Jeff Bezos: Damit der Weltraum zum neuen Spielplatz fÃ¼r MilliardÃ¤re wird und warum ausgerechnet Feminismus dafÃ¼r benutzt wird..

In Zusammenarbeit mit Tom Siebold. 
Quellen: https://docs.google.com/document/d/1evYfpIYZdGf7pj8DAkj9ePjEXuLq9Wm-ykGhuRenx4o/edit?usp=sharing

Hier kÃ¶nnt ihr bei den 9:16 Awards fÃ¼r mich abstimmen ğŸ«¶: 
https://www.bravo.de/voting-916-awards-kategorie-voice-of-trust-praesentiert-von-usethenews-403506.html

NIEREN & BUBBLE TEA PODCAST AM 23.05. LIVE IN KÃ–LN:
https://tickets.190a.de/event/nieren-bubble-tea-live-beim-poddifest-koln-7isxhd

Nieren & Bubble Tea Podcast: 
Spotify: https://spotify.link/pE2yxczPxDb
Apple: https://podcasts.apple.com/de/podcast/nieren-bubble-tea/id1708048434 

Ich hoffe euch gefÃ¤llt das Video! Wenn ja, freue ich mich Ã¼ber ein Abo & Like :) 

Eure Desy

Instagram: https://www.instagram.com/thisisdesy/
TikTok: @desireeflore",Desy,2025-04-21T17:30:01Z,172254,10729,1183,https://www.youtube.com/watch?v=gTA6gQIC39A,2025-04-22 22:06:12.302112
ncXAUBGV8JI,"Problemmotoren von VW, Ford, Stellantis und Co. | auto motor und sport","Ein nasser, in Ã–l gefÃ¼hrter Zahnriemen schien einst eine gute Idee zu sein. In Pure Tech, EcoBoost und TDI findet er Verwendung. Doch heute macht das Konstruktionsprinzip Probleme, die bis zum Motorschaden gehen kÃ¶nnen. Wir nennen euch die betroffenen Modelle und erklÃ¤ren, was zu tun ist. 
----
Neuheiten, Tests, Fahrberichte und alles rund ums Auto findet ihr auch hier: 
Website: http://www.auto-motor-und-sport.de/

Facebook: https://www.facebook.com/automotorundsport
Instagram: https://www.instagram.com/automotorundsport/
Twitter: https://twitter.com/amsonline
TikTok: https://www.tiktok.com/@automotorundsport",auto motor und sport,2025-04-21T15:01:16Z,159413,2657,768,https://www.youtube.com/watch?v=ncXAUBGV8JI,2025-04-22 22:06:12.302112
dFKCoqPjJ28,Fynn Kliemanns Comeback ist ein Fiebertraum,"Fynn Kliemann ist zurÃ¼ck. Der DIY-KÃ¼nstler und wohl ehemals beliebteste Heimwerker des Landes hat sich nach seinem Downfall vor drei Jahren zurÃ¼ckgekÃ¤mpft. Das Kliemannsland lebt, sein neues Album """"TOD"""" stand zwischenzeitlich auf Platz 1 der Charts und in einer Kunstaustellung hat er Werke von sich im Wert von fast 300.000 Euro angeboten. 

Doch wie ist Kliemann das gelungen? Wie hat er sein Comeback vorbereitet? Und hat er sich wirklich verÃ¤ndert, so wie er es versprochen hatte? Darum soll es in dieser Folge gehen. Denn die Anschuldigungen, die vor drei Jahren im ZDF Magazin Royal von Jan BÃ¶hmermann gegen Kliemann verÃ¶ffentlicht wurden, die hatten es in sich. VordergrÃ¼ndig ging es um Bereicherung an einem Maskendeal, aber dahinter steckte der Vorwurf, dass Kliemann lÃ¤ngst viel mehr Business als DIY ist.

Flankiert wurde Kliemanns RÃ¼ckkehr von Interviews bei Matze Hielscher im """"Hotel"""" Matze, in dem er sich drei Stunden mit eher freundschaftlichen Fragen auseinandersetzen durfte. In einer aufwÃ¤ndig produzierten Doku der ARD wird sein Fall zusÃ¤tzlich nochmal nacherzÃ¤hlt. Auch hier erhÃ¤lt Kliemann viel Raum, wird unter anderem von Tim Meltzer verbal unterstÃ¼tzt. Als Kritiker wurde ich eingeladen, einige SÃ¤tze bei zu steuern. """"Fynn Kliemann â€“ Ich hoffe, ihr vermisst mich"""" findet ihr hier: https://www.ardmediathek.de/video/fynn-kliemann-ich-hoffe-ihr-vermisst-mich/fynn-kliemann-ich-hoffe-ihr-vermisst-mich/hr/ZWMzZjM3MzUtYzY1ZS00ODRlLThhODUtNDlhNzE0Y2U5MjQz

In meinem Video dreht sich alles um die Frage: Hat sich Kliemann wirklich verÃ¤ndert? Hat er seine wortreichen Entschuldigungen ernst gemeint oder war das am Ende auch wieder nur Show?

Quellenliste: https://text.is/86J9P

00:00:00 Fynn Kliemann ist zurÃ¼ck!?
00:00:53 Fynn Kliemann - Auferstanden aus Ruinen?
00:03:03 Der Downfall
00:09:43 Die Entschuldigung
00:15:28 Die VerÃ¤nderung
00:22:41 Das Comeback
00:32:09 MEIN FAZIT

Teil der Crew, Teil des Schiffs! Wir segeln under der Flagge #funk. Schaut da mal rein:
YouTube: https://www.youtube.com/funkofficial
Instagram: https://www.instagram.com/funk
TikTok: https://www.tiktok.com/@funk
Website: https://go.funk.net
Wir haben ein Herz fÃ¼r Kritiker, aber nicht fÃ¼r Hater: https://go.funk.net/netiquette
https://go.funk.net/impressum",Der Dunkle Parabelritter,2025-04-21T17:30:02Z,169827,10718,1113,https://www.youtube.com/watch?v=dFKCoqPjJ28,2025-04-22 22:06:12.302112
gzCXZID3AlY,Streit mit PAULA ? Kontakt mit leiblichen ELTERN ?...ich beantworte ehrlich eure Fragen.ğŸ¥²ğŸ˜­,"Anzeige | 
Hey, wie versprochen kommen hier alle Infos & Links Ã¼ber Flexispot ! ğŸ«¶ğŸ»

 Flexispot April-Aktion- Bis zu 50% Rabatt - https://bit.ly/3YAicnY
Starten Sie mir neuer Energie in den FrÃ¼hling!
Entdecken Sie Sessel Lotus von  Flexispot; - https://bit.ly/44tt1fg
Holen Sie sich den Lotus mit bis zu 16% Rabatt!
Sichern Sie sich den Lotus mit zusÃ¤tzlichen 30â‚¬ Rabatt mit dem Code: 
KOLLOTUS (nur gÃ¼ltig bis zum 8.Mai)
Entdecken Sie H3 Side Table von 
Flexispot mit 30â‚¬ aus: -

https://bit.ly/3EFCKof

Wir sind wirklich sehr happy mit den beiden Produkten & kÃ¶nnen die euch zu 100% empfehlen ğŸ’–!",Beauty Benzz,2025-04-21T14:00:58Z,70563,2880,293,https://www.youtube.com/watch?v=gzCXZID3AlY,2025-04-22 22:06:12.302112
bR6W-F4SpHo,SKANDAL um Serkan Yavuz STATEMENT Ã¼ber Samira und AffÃ¤re mit Eva Benetatou | ZUSAMMENFASSUNG,"Serkan Yavuz in der Kritik: Nach Trennung von Samira jetzt der nÃ¤chste Skandal â€“ Die AffÃ¤re mit Eva & ein kostenpflichtiges Statement sorgen fÃ¼r einen Aufschrei.

Nach dem Liebes-Aus mit Samira folgt der nÃ¤chste Paukenschlag: Serkan soll eine AffÃ¤re mit Kollegin Eva gehabt haben â€“ das Netz ist schockiert. Als wÃ¤re das nicht genug, verÃ¶ffentlichte er nun ein Statement zur Situation, das nur gegen Bezahlung abrufbar ist. Fans und Follower sind fassungslos und werfen ihm mangelnde Transparenz und Geldgier vor. Die Wellen im Netz schlagen hoch â€“ wie geht es jetzt weiter?

Quelle: https://serkan-die-wahrheit.de

Letztes Video: http://y2u.be/NfhDgT530AM

Jetzt kostenlos abonnieren: http://goo.gl/ekuKic
Meine Mails abonnieren: http://eepurl.com/dNKr-2

Folgt ihr mir hier schon?
â–¸ INSTAGRAM: @itgirlagenten
https://www.instagram.com/itgirlagenten/

â–¸ Homepage: https://ramonwagner.de

Kooperations-Anfragen:
â–¸ info@ramonwagner.de

#sommerhaus #sommerhausderstars

RTL+: https://bit.ly/3cNiugs
RTL: https://bit.ly/2ATyMXS",Ramon Wagner,2025-04-21T18:12:36Z,78298,1992,328,https://www.youtube.com/watch?v=bR6W-F4SpHo,2025-04-22 22:06:12.302112
8xg8g2Trwgg,ICON 6 | FINALE | Vivi o Muori: Lebe oder Stirb (Episode 3),"â¤ DRIP - das neue ICON GetrÃ¤nk am 28.04.25 im Handel: 
https://www.instagram.com/getdrip.de/

ğ—ğ—˜ğ—§ğ—­ğ—§ ğ—£ğ—¥ğ—˜ğ—¦ğ—”ğ—©ğ—˜ğ—¡:

ALBUM: https://open.spotify.com/prerelease/7GHCQkEOn6EtRxIqyAhbtH?si=d9jl9oOkRiW-da0irMdJ2Q

Scusa - Albozz & Dorian:
https://lnk.site/scusa-albozzxdorian

FSM - Pano & Ozan:
https://lnk.site/fsm-panoxozan

SSD - Cali & Dinaro:
https://lnk.site/ssd

Ghetto - Arlinda & Kavo:
https://lnk.site/ghetto-kavoxarlinda

Company - D1NO & Mowgli:
https://lnk.site/company-mowglixd1no

Minimum Zehn - Hassuna & Salah
https://lnk.site/minimumzehn

Si Kokaina - Biggie:
https://lnk.site/sikokaina

Oh No - Mufasa:
https://lnk.site/ohno-mufasa

â¤ ğ—œğ—–ğ—¢ğ—¡ ğŸ³ ğ—”ğ—¡ğ— ğ—˜ğ—Ÿğ——ğ—¨ğ—¡ğ—š: https://app.icon-music.de/

â¤ ğ—œğ—–ğ—¢ğ—¡ ğŸ² ğ—•ğ—¼ğ˜…: https://iiicon.shop/collections/icon-...
Boxinhalt 1: LTD. Backstage Gewinnspiel & VIP Pass fÃ¼r das Live Event 
Boxinhalt 2: Exklusives ICON 6 Trikot
Boxinhalt 3: ICON 6 Sampler 

â¤ Weiteren exklusiven Icon 6 Content findet ihr auf dem Kanal von Bzet:  @Bzet  

ğ—ğ—”ğ—£ğ—œğ—§ğ—˜ğ—Ÿ ğ—”ğ—¨ğ—¦ğ—ªğ—”ğ—›ğ—Ÿ:

ğ——ğ—œğ—˜ ğ—–ğ—¥ğ—˜ğ—ª ğ—©ğ—¢ğ—¡ ğ—œğ—–ğ—¢ğ—¡ ğŸ²:
Executive Producer - Collin
Creative Assistance - Emre, Bzet
KÃ¼nstlermanagement, Vertrieb & Outfit Design - Dreamhall
Design & Visual Director - Bleron Veliqi / The VB Agency
Video Director - Visual Films
Reality Director - Chaka Rec
Post Production - BlackCut
Audio Director - Xandro ( Mix & Mastering)
Visual Effects - DJ Service Heinsberg
Head of Security - MSP Security
Organisationsleitung - Marco Seegers
Organisation & Planung - Shanel Chien
Produktionsassistent - Sarah Jane Chien
Editing Team - Prathee, Pravi, Dima, Markus, Jano
Powered by - iGroove
Jury - Xandro, Bzet , Emre
Immobillienberaterin : Nejla Bicer / Mexreal
FPV & Gimbal Drone: Lukas Gorgon / Copterflix

Beat Producers - Zinatra , Maggaz , Spirit , Yung Ares , Paior , El Rey CC
Danil040 , Alkan, LNF8, Skywalg , Sonnek & Tyme , Alex Dehn 

Mix & Mastering - Xandro

Camera Team â€“ Show - Benji, Berkan, Andy, Chris, Daniel, Paul, Paravis, Manuel
Camera Team â€“ Reality - Chaka Zakriti, Moses Sesa, Giovanni Loti, Liam Viejo, Ismael Zakriti

MSP Security - Marco
Security - MCDOOM, Tim
Data Management - Alina
Audio - Praviz Baloochi, Rafael Rothemund
Audio Live Recording - Beatzeps
Pyrotechnics - Yani
Hair Stylist - Berxicutzz
Set Runners - Kathrin Schendrik, Esma Caliskan, Mahra Coskun, Darja Zargozi, Maxima
Emily Gerdt, Miriam, Roman, Gina Maria Kaminski

#ICON6 #RapBattle #Deutschrap #RapChallenge #RealityShow #RapperÃœberlebenskampf #8BarsChallenge #RapLegenden #HipHopDeutschland #RapCompetition #MusikShow #RapSkills #ICONS #MillionEuroChallenge #RapTurnier #Raptalent #MusikWettbewerb #RapKrone #RapDuell #DeutschHipHop #RapEvolution #TalentShow #RapBeats #MusicCompetition #RapLegacy #TeamRap #IconRapper #RealityTV #RapRevolution #RisingStars #RapKreativitÃ¤t",ICONxMADE,2025-04-20T18:00:06Z,277812,11123,2579,https://www.youtube.com/watch?v=8xg8g2Trwgg,2025-04-22 22:06:12.302112
DsDxlsv7AtI,"SAG MIR, welches virale MEME ich bin! #2","#funk #memes #datteltÃ¤ter 
Wir alle haben sie gesehen, wir alle haben darÃ¼ber gelacht â€“ Memes!
Auch heute sitzen wieder vier echte Internet-Legenden vor unseren Hosts.
In der neuen SAG MIR Folge wirdâ€™s wieder knifflig:
Erkennst Du, wer hinter den berÃ¼hmten Clips steckt â€“ ganz ohne Requisiten, ohne Filtersound, ohne Replay?
Denn eines ist sicher: Das Internet vergisst nichts â€¦ aber Gesichter schon mal!

Vielen Dank an die groÃŸartigen Menschen hinter den Memes:

RÃ¼ya 
Christof 
Alexandra 
Davis Schulz @DavisSchulz 
Kasim 

Danke & groÃŸes Lob an die Rate-Teams:

Derya 
Okan & Aylin
Blessed B & Houssein 

Wir sind funk, das Content-Netzwerk von ARD & ZDF
â–¶ï¸ YouTube: / funkofficial 
â–¶ï¸ Instagram: / funk 
â–¶ï¸ TikTok: / funk 
â–¶ï¸ Website: https://go.funk.net",datteltÃ¤ter,2025-04-20T11:27:52Z,475366,29482,1281,https://www.youtube.com/watch?v=DsDxlsv7AtI,2025-04-22 22:06:12.302112
qqNm7w0El4Y,Meine NEUE WOHNUNG in Amsterdam! | MontanaBlack,"GÃ–NRGY: https://www.goenrgy.de
Checkt GÃ–NRGY auf Insta ab: https://www.instagram.com/goenrgy_official/

Werbung*/ Affiliate-Links**  
â–ºMein Shop - http://bit.ly/mb88shop (a) Livestreams hier - https://www.twitch.tv/montanablack88
â–º Mein PC - http://bit.ly/2Fu48WC (a) (b)
â–º Mein Partner Noblechairs: https://bit.ly/2Aaw0xe (a) (b)

* SÃ¤mtliche mit (a) gekennzeichneten Links stellen Werbung dar.
** SÃ¤mtliche mit (b) gekennzeichneten Links hÃ¤ngen mit Partnerprogrammen zusammen. Sie dienen dem potentiellen KÃ¤ufer als Orientierung und verweisen explizit auf bestimmte Produkte. Sofern diese Links genutzt werden, kann im Falle einer Kaufentscheidung eine Provision an mich ausgeschÃ¼ttet werden",MontanaBlack,2025-04-20T09:01:13Z,1204356,93140,3253,https://www.youtube.com/watch?v=qqNm7w0El4Y,2025-04-22 22:06:12.302112
78Ea0rSNcqY,FUSSBALL CHALLENGE - WER GEGEN MICH GEWINNT KRIEGT 250â‚¬!ğŸ’¸,"MICHAEL x JONAS ABCHECKEN â–º https://www.youtube.com/@MichaelxJonas

MEIN ICON LEAGUE TEAM (FOKUS EAGLES) â–º https://www.instagram.com/fokuseagles/

âœ˜FOLGT MIR:
SNAPCHAT â–º @sidney.eweka
INSTAGRAM â–º https://www.instagram.com/sidneyeweka/
INSTAGRAM 2. ACC â–º https://www.instagram.com/prvsid/
TWITCH â–º https://www.twitch.tv/sidneyeweka
TWITTER â–º https://twitter.com/ewekasidney

DELAY SPORTS YOUTUBE KANAL â–º https://www.youtube.com/@delaysportsberlin

âœ˜YOUTUBE 2. KANAL:
â–º https://www.youtube.com/@999sid5

âœ˜YOUTUBE GAMING KANAL:
â–º https://www.youtube.com/@SidneyEwekaGaming

âœ˜MEINE MODEMARKE:
INSTAGRAM â–º https://www.instagram.com/elevateberlin/ *
SHOP â–º https://www.elevateclo.com/ *

âœ˜MEIN VITAMIN WASSER:
INSTAGRAM â–º https://www.instagram.com/vitavate_official/ *

âœ˜MEIN VEREIN DELAY SPORTS:
INSTAGRAM â–º https://www.instagram.com/delaysports_berlin/
MITGLIED WERDEN â–º https://www.delaysports-berlin.de/delay-sports/

âœ˜ABONNIERT FOKUS: 
â–º FOKUS Instagram: https://www.instagram.com/fokusclangg/ 
â–º FOKUS Twitter: https://twitter.com/FOKUSCLANGG 
â–º FOKUS Youtube: https://www.youtube.com/@FOKUSCLAN 


SÃ¤mtliche mit * gekennzeichneten Links stellen Werbung dar.",SidneyEweka,2025-04-21T09:01:55Z,151453,10577,85,https://www.youtube.com/watch?v=78Ea0rSNcqY,2025-04-22 22:06:12.302112
eigexWDfK9g,Ich bin 500 KILOMETER mit einem LAUFBANDRAD GEFAHREN! (von Amsterdam nach Hamburg),"Die Laufband Rad Tour aus Zarbex' Sicht! Danke an Trymacs, SkylineTV, Marc Eggers, Ronny Berger, Max Schradin, Paul Frege, Adi Totoro, Nici und an alle, die dabei waren und zugeschaut haben! 

#reallife #amsterdam #hamburg #realtalk  #rollertour",zarbex,2025-04-21T10:01:03Z,108875,5145,118,https://www.youtube.com/watch?v=eigexWDfK9g,2025-04-22 22:06:12.302112
rN6jZ5sQGE4,Das BESTE Fanpaket JEMALS mit einer PS und Iphone,"âœï¸ Holt euch die Collector's Box mit Code NTK oder NTK5: https://weareholy.com/ntk/try
ğŸ™ï¸ Live: @needyYT 
â”â”â”â”â”â”â”â”â”â”â”
ğŸ¥‡ Hauptkanal:
@NeedToKnoww 
ğŸ‘¾ Discord:
https://discord.gg/rPFkYzJZh6
ğŸ“¸ Instagram:
https://www.instagram.com/needtoknoww/
ğŸ¦ Twitter:
https://twitter.com/needtoknow_yt
ğŸ‘˜ Coolsten Klamotten:
https://needtoknow.shop/",Neeto,2025-04-21T10:30:59Z,156318,9158,1420,https://www.youtube.com/watch?v=rN6jZ5sQGE4,2025-04-22 22:06:12.302112
cL3GIEPWink,"FULL SEGMENT: Randy Orton ROCKS John Cena with the RKO: Raw highlights, April 21, 2025","After John Cena won the Undisputed WWE Title from Cody Rhodes at WrestleMania, the 17-time World Champion gets taken out by The Viper. Catch WWE action on Netflix, Peacock, USA Network, CW Network, and more. #WWERAW
Where to watch WWE: https://wwe.com/wheretowatch

Watch WWE on Netflix: http://netflix.com/WWE
Watch WWE on Peacock: https://pck.tv/3ZTjVE7
---------------------------------------------------------------------
Follow WWE for more exciting action! - Subscribe to WWE on YouTube: http://wwe.yt/
---------------------------------------------------------------------
Check out WWE.com for news and updates: http://goo.gl/akf0J4
Find the latest Superstar gear at WWEShop: http://shop.wwe.com
---------------------------------------------
Check out these other channels!
---------------------------------------------
WWE Vault: http://www.youtube.com/@WWEVault
WWE EspaÃ±ol: https://www.youtube.com/@wweespanol
WWE NXT: https://www.youtube.com/@wwenxt
WCW: https://www.youtube.com/@wcw
UpUpDownDown: https://www.youtube.com/upupdowndown
Celtic Warrior Workouts: https://www.youtube.com/@CelticWarriorWorkouts
WWE Music: https://www.youtube.com/wwemusic
------------------------------------
WWE on Social Media
------------------------------------
X: https://twitter.com/wwe
Facebook: https://www.facebook.com/wwe
Instagram: https://www.instagram.com/wwe/
TikTok: https://www.tiktok.com/@wwe
------------------------------------",WWE,2025-04-22T01:09:21Z,3778054,138555,13554,https://www.youtube.com/watch?v=cL3GIEPWink,2025-04-22 22:06:12.302112
NQN1c3E0JVk,"NHL Highlights | Oilers vs. Kings | Gm 1 | April 21, 2025","Watch full game NHL highlights from the matchup between the Edmonton Oilers and the Los Angeles Kings on April 21, 2025, condensing all the Stanley Cup Playoff action into a 10-minute recap

00:00 1st Period
01:56 2nd Period
05:15 3rd Period

Breaking news, scores, stats, analysis & real-time highlights: https://www.nhl.com

Subscribe to the NHL: https://youtube.com/nhl

Follow the NHL on social media:
NHL X: https://twitter.com/nhl
NHL Facebook: https://facebook.com/nhl
NHL Instagram: https://instagram.com/nhl

#NHL #highlights #stanleycup #edmontonoilers #lakings",NHL,2025-04-22T05:20:42Z,219763,2708,773,https://www.youtube.com/watch?v=NQN1c3E0JVk,2025-04-22 22:06:12.302112
Dto48IhQ9Aw,Ich finde den GRUND warum NIEMAND den V10 Motor des 1500â‚¬ Phaeton reparieren wollte!,"Warum mein Phaeton V10 TDI nur 1500â‚¬ gekostet hat, erfahrt ihr in diesem Video!
Spare 5% bei AUTODOC mit dem Code: â€MAEXIMILIANOâ€œ! Zur App: https://bit.ly/42zsi9Q (werbung)
ğŸ”” Jeden Montag um 17 Uhr findet ihr ein neues Video auf meinem Kanal!
Zu Artem: https://www.instagram.com/hanse_motors?igsh=NHRudmVoajY0NW41
â–º Zum letzten Video: https://youtu.be/rowKpRi7RtQ
ğŸ¦ Abonniert den Zweitkanal fÃ¼r Update Videos:  @Maex2  
âœ… Mehr Content findet ihr auf Instagram : https://www.instagram.com/maex1miliano

Maeximiliano - 2019 bin ich mit meiner 1000â‚¬ S-Klasse gestartet und probiere alles selber zu reparieren, was von WerkstÃ¤tten kopfschÃ¼ttelnd abgelehnt wurde! Egal ob seltene Bentleys mit UnfallschÃ¤den richten, beim Audi RS6 den V10 Biturbo Motor ausbauen oder beim R8 den Getriebeschaden selber reparieren  - Abonniert den Kanal und begleitet mich bei meinen Projekten!",Maeximiliano,2025-04-21T15:00:19Z,195181,13070,591,https://www.youtube.com/watch?v=Dto48IhQ9Aw,2025-04-22 22:06:12.302112
HoS7mffQ2YQ,skibidi toilet 78,"tide of war is turning?

animation by dafuqboom

additional designs & storyboard animation/previs help:
@StriderZ47 
@DeerFromOhio 

music: 
@Perturbatormusic  - God Complex; Death Squad
@Valve 
Akira Yamaoka

screams by â¨@steak and his dad  ;)
additional particles by â¨@HoovyTube 
spanish subtitles by @ibio75 
french subtitles by Kabyle

action figures are finally here
dark speakerman, plungerman, tv woman, cameraman, titan 3-pack + more
available now at major retailers including:
â€¢ walmart: https://bit.ly/3FSY89V 
â€¢ target: https://bit.ly/42uAQQo 
â€¢ amazon: https://amzn.to/4czog6d 
â€¢ skibiditoilet.shop

Contact me:
instagram.com/dafuqboomtv
blugrayguy@gmail.com",DaFuq!?Boom!,2025-04-21T04:00:10Z,12763315,758777,136152,https://www.youtube.com/watch?v=HoS7mffQ2YQ,2025-04-22 22:06:12.302112
P1Fx8PsPb58,Meine GRÃ–SSTE SPORTLICHE HERAUSFORDERUNG! - Die Vorbereitung auf das Race Across America |Â Mattin,"Meine GRÃ–SSTE SPORTLICHE HERAUSFORDERUNG! - Die Vorbereitung auf das Race Across America | Mattin

WERBUNG: YFOOD: https://bit.ly/3AYX02d
Probiert euch mal durch und spart mit dem Code ""MATTIN-YOUTUBE"" noch 10%!

WERBUNG: Bis zu 20% Rabatt bei der HOLY Birthday Aktion:  âœ https://weareholy.com/Mattin
Mit dem Code ""MATTIN5"" sparen Neukunden 5â‚¬, mit dem Code ""MATTIN10"" sparen Bestandskunden 10% auf die gesamte Bestellung.

ğŸ¥Survival Mattin:
https://www.youtube.com/channel/UCyQAraT4FYcXgnUTLOj796Q
https://www.instagram.com/survival.mattin.official/
Instagram Name: survival.mattin.official

ğŸ‘• Merchandise Shop
â†³ https://www.merchme.shop/survival-mattin/

ğŸµ Outro Song:
https://www.youtube.com/watch?v=bWljaL5XlxU

Bei den mit (*) markierten Links handelt es sich um Partnerlinks durch welche Mattin eine kleine Provision bekommt, wenn ihr auf die LINKS raufklickt und etwas bestellt. Wer ihn unterstÃ¼tzen mÃ¶chte, ist dadurch herzlich eingeladen. Dadurch entstehen fÃ¼r euch natÃ¼rlich keine zusÃ¤tzlichen Kosten.",MATTIN,2025-04-21T13:16:43Z,80319,6203,446,https://www.youtube.com/watch?v=P1Fx8PsPb58,2025-04-22 22:06:12.302112
xYOb7K3k6rI,Sie hat JA gesagt. In Wien. Vor Allen. (Und es hÃ¤tte fast nicht geklappt),"Christian hat 40 GÃ¤ste nach Wien eingeladen â€“ heimlich.
Romina wusste nichts.

Was als normaler Vlog-Tag begann, wurde eine komplette Achterbahnfahrt:
Zweifel, Verwirrung, kleine Katastrophen â€“ und am Ende dieser Moment.

Der Moment, in dem Christian sie gefragt hat.
Und Romina Ja gesagt hat.

Eine Verlobung, die keiner so schnell vergessen wird.
Ein Tag, der mehr war als perfekt.
Ein Moment fÃ¼r immer.",Romina & Christian,2025-04-20T17:00:49Z,149008,3900,332,https://www.youtube.com/watch?v=xYOb7K3k6rI,2025-04-22 22:06:12.302112
YA8zrw07wHI,"3v1 GEOGUESSR IRL mit @Reeze, @Faister und @Lennli","Wir spielen GeoGuessr IRL mit @Reeze und @Faister gegen den Profi Esportler @Lennli! Naja... es war krass

GenieÃŸe mich Live: https://www.twitch.tv/rewinside

Gaming Kanal: https://www.youtube.com/@rewigaming

Instagram: https://www.instagram.com/rewinstagram/
Twitter: https://x.com/rewinside
Community Discord: https://discord.gg/NJS9PKgB

Mein neuster Song: https://open.spotify.com/intl-de/album/6XDV5XuR9YbSBcyFztkcnX

â€¾â€¾â€¾â€¾â€¾â€¾â€¾â€¾â€¾â€¾â€¾â€¾â€¾â€¾â€¾â€¾â€¾â€¾â€¾â€¾â€¾â€¾â€¾â€¾â€¾â€¾â€¾â€¾â€¾â€¾â€¾â€¾â€¾â€¾â€¾â€¾â€¾â€¾â€¾â€¾â€¾â€¾â€¾â€¾â€¾â€¾â€¾â€¾â€¾â€¾â€¾â€¾â€¾â€¾â€¾â€¾â€¾â€¾â€¾â€¾â€¾â€¾â€¾â€¾â€¾
*Werbung fÃ¼r meine Partner

Diese Mikrofone nutzen wir fÃ¼r unsere Drehs:*
Movemic: https://shu.re/3WakSsb

Dieses Mikrofon habe ich an meinem Streaming:*
Sm7db:  https://shu.re/49Tg9ON

Werde bezahlt fÃ¼r deine TikTok-Videos! ğŸ”¥*
https://songpush.com/Rewinside",rewinside,2025-04-21T14:00:30Z,96857,9206,122,https://www.youtube.com/watch?v=YA8zrw07wHI,2025-04-22 22:06:12.302112
-F33ACcPbhU,Monster Hunter Wilds â€“ Festival of Accord: Blossomdance | Spring Seasonal Event,"Bask in the springtime aura and enjoy cherry blossom season in the Grand Hub during the Festival of Accord: Blossomdance seasonal event, taking place in Monster Hunter Wilds for a limited time! Join the festivities to earn new free hunter and Palico layered armor, as well as a new Seikret decoration and more!
 
Event runs April 22 - May 6 PDT/ April 23 - May 7 BST.

#MHWilds #MonsterHunter

Join the hunt now:
https://www.monsterhunter.com/wilds/en-us/product/

Official website:
https://www.monsterhunter.com/wilds/en-us/

Japanese https://youtu.be/XGT35h8AnX4
French https://youtu.be/Eh7yWa5RqlU
Italian https://youtu.be/qGqz4nZPjfc
German https://youtu.be/H3pPq6ZHkgg
Spanish https://youtu.be/UP6pEnpp1cY
Polish https://youtu.be/GBi2ZfWEoSI
Brazilian Portuguese https://youtu.be/XCiz4kDj4_M
Traditional Chinese https://youtu.be/ZUomTTMaZ3s
Simplified Chinese https://youtu.be/-w6GCwTab2I
Korean https://youtu.be/VgnKXMUy_ks
-------
About Monster Hunter Wilds
Monster Hunter Wilds is the next generation of the acclaimed Monster Hunter series.

You are a monster hunter, protecting the balance of the ecosystem and hunting monsters in a world with dynamic, ever-changing environments. Use the resources you gain from hunts to craft ever more powerful weapons and armor in your quest to unravel the mysteries of the new lands.

Experience the most evolved action and improved immersion in the series in Monster Hunter Wilds, available now on PS5, Xbox Series X|S, and PC/Steam!

https://twitter.com/monsterhunter
https://www.instagram.com/monsterhuntergame/
https://www.facebook.com/monsterhunter
https://www.youtube.com/monsterhunter
https://discord.gg/capcom
https://www.facebook.com/monsterhunter

Â©CAPCOM CO., LTD. ALL RIGHTS RESERVED.",Monster Hunter,2025-04-22T01:00:25Z,195940,9298,619,https://www.youtube.com/watch?v=-F33ACcPbhU,2025-04-22 22:06:12.302112
S63tPF006fI,The Last of Us Season 2 | Episode 3 Preview | Max,"The journey is just beginning. A new episode of The Last of Us is streaming on Max.

About Max:
Max is the culture-defining entertainment service for every mood. With a variety of genres that include your favorite series and movies from iconic brands and treasured franchises, it delivers irresistible stories every time. From reuniting with life-long favorites to uncovering new ones you havenâ€™t discovered yet, there's something for every moment, every feeling, every you.

Itâ€™s all here. Iconic series, award-winning movies, fresh originals, and family favorites featuring the worlds of Harry Potter, the DC Universe, and HBO. Discover the best entertainment for every mood.
#WarnerBrosDiscovery #streamonmax 

SUBSCRIBE TO MAX
https://streamonm.ax/3vgR69B

GET MAX
https://streamonm.ax/4a83GYO

FOLLOW MAX
Follow Max on YouTube: https://streamonm.ax/YouTube
Follow Max on Instagram: https://streamonm.ax/Instagram
Follow Max on TikTok: https://streamonm.ax/TikTok
Follow Max on Twitter: https://streamonm.ax/Twitter
Follow Max on Facebook: https://streamonm.ax/Facebook",Max,2025-04-21T02:15:30Z,889862,17314,2016,https://www.youtube.com/watch?v=S63tPF006fI,2025-04-22 22:06:12.302112
myPFzhQEghE,LISA - Rapunzel (Kiki Solo Version) (Live Performance Video),"LISAâ€™s debut album, â€˜Alter Egoâ€™ is out now. Listen here: https://lisa.lnk.to/AlterEgo   
Shop vinyl, CDs, photobooks and more: https://lnk.to/LisaStore 

Follow LISA: 
http://www.instagram.com/lalalalisa_m
https://www.tiktok.com/@lalalalisa_m
https://www.youtube.com/@lalalalisa_m

Follow WeAreLLOUD:
http://www.instagram.com/wearelloud
https://www.tiktok.com/@wearelloud
http://www.facebook.com/wearelloud
https://www.youtube.com/@wearelloud/videos

Lyrics:
Hair down feeling like Rapunzel 
Keep your doggies in a motherfuckinâ€™ muzzle 
Only one queen in the jungle 
Only one queen 
Only one
I donâ€™t window shop, I big spend
If I got a message, I click send 
You canâ€™t lie to me, got a sixth sense 
Feel my energy with some Himalayan incense 
Living lavish while we still young 
Spending that shit â€˜til we go dumb 
Flashing them gold teeth all damn day
When I walk by I hear them say 
Thatâ€™s money 
Thatâ€™s motherfuckinâ€™ money 
Bitch tell me how you love me 
Bitch tell me how
Thatâ€™s money 
Thatâ€™s motherfuckinâ€™ money 
Bitch tell me how you love me 
Bitch tell me how
Hair down feeling like Rapunzel 
Hair down feelinâ€™, hair down
Hair down feeling like Rapunzel 
Hair down feelinâ€™, hair down
Need some me time, gotta meditate 
Level up, level up bitch I levitate 
In my pocket I got something you wonâ€™t ever make 
But Iâ€™m generous, maybe you can have a taste 
Anyway
Gotta go â€˜cause Iâ€™m running late 
Everyday 
Make a bag, bitch you gotta hate
Hour or two 
But this is my life baby I ainâ€™t you
Living lavish while we still young 
Spending that shit â€˜til we go dumb 
Flashing them gold teeth all damn day
When I walk by I hear them say 
Thatâ€™s money 
Thatâ€™s motherfucking money 
Bitch tell me how you love me 
Bitch tell me how
Thatâ€™s money 
Thatâ€™s motherfucking money 
Bitch tell me how you love me 
Bitch tell me how
Hair down feeling like Rapunzel 
Hair down feelinâ€™, hair down
Hair down feeling like Rapunzel
Hair down feelinâ€™, hair down
Hair down feeling like Rapunzel
Hair down feelinâ€™, hair down
Hair down feeling like Rapunzel
Hair down feelinâ€™, hair down
Hair down feeling like Rapunzel

#LISA #Rapunzel #PerformanceVideo",LLOUD Official,2025-04-22T02:00:03Z,1478734,259774,13418,https://www.youtube.com/watch?v=myPFzhQEghE,2025-04-22 22:06:12.302112
I0Jwv40MkiY,"Original Movies in 2025: Oops, All Flops!","Movies, what have you done? The trend so far in 2025 is that any movie with a modest budget thatâ€™s not based on a recognizable property has been underperforming or flopping at the box office. Mike and Jay, seemingly with nothing better to do, have decided to look at the numbers and discuss this trend. What does the future of movies not based on video games and comic books look like? Does the long-established model of theatrical release need to change? Nobody knows and even less people care.",RedLetterMedia,2025-04-21T14:28:56Z,680227,30647,6070,https://www.youtube.com/watch?v=I0Jwv40MkiY,2025-04-22 22:06:12.302112
DCtDoT7g9Ko,"I SPENT $100,000 AT PORSCHE SO I COULD BEAT A FORMULA 1 DRIVER","Grab a special edition MA YFood here - use code - MAT-YOUTUBE https://bit.ly/MatArmstrong_yfood_HappyBananaLE 

I bought a wrecked Porsche 911 992 GT3RS & have spent months rebuilding it but now i will be putting it to the test and racing a Formula 1 driver in it. The Porsche isnt fully complete yet but now im going to be upgrading it so i have the best chance racing the Formula 1 driver.

Check out Micks Channel here @MickSchumacher 

ğŸ‘‡ FOR MORE CONTENT CHECK OUT MY SECOND CHANNEL ğŸ‘‡
https://www.youtube.com/@matarmstrongmk2

â¬‡ï¸ ALL MA MERCHANDISE â¬‡ï¸
https://matarmstrong.co.uk/

â¬‡ï¸ Follow Me Here Aswell â¬‡ï¸
https://facebook.com/matarmstrongbmx
https://instagram.com/matarmstrongbmx",Mat Armstrong,2025-04-20T18:24:40Z,3151034,166254,5868,https://www.youtube.com/watch?v=DCtDoT7g9Ko,2025-04-22 22:06:12.302112
3fy-Seli0Jc,60 Wasabi Powers + 32 Skins + 3 Buffs! | Update Info,"All new Wasabi Powers, New Skins, and Balance Changes! | KairosTime 
Subscribe Here â–º https://goo.gl/1qE15w
Brawl Stars Creator Code â–º https://bit.ly/2nQd1Cd
Join & become a channel member â–º https://bit.ly/2NsjYTA
#BrawlStars #Brawl #BrawlKairos #SupercellCreator

In this video, we're going to cover the 60 new wasabi powers, all of the new skins costs & animations, as well as some balance changes. We even have details on the credit cost for Ultra Legendary Brawlers

Business Email â–¶ kairos@tribegaming.gg
-----------------------------------------------------------------------------

FOLLOW ME!!
Discord Server â–º https://discord.gg/kairos
Twitter â–º https://twitter.com/KairosTime
Threads â–º https://www.threads.net/@kairostime_gaming
Twitch â–º https://www.twitch.tv/kairostime_gaming
Instagram â–º https://www.instagram.com/kairostime_gaming/
Facebook Page â–º https://goo.gl/WxSczQ
TikTok â–º https://www.tiktok.com/@kairostime

-----------------------------------------------------------------------------

Partners:
â–¶ Set yourself apart from the rest, check out Samsung Galaxy: https://trb.gg/samsunggalaxy
â–º Level up your game with AT&T https://www.att.com/gaming/ 

-----------------------------------------------------------------------------

Tribe Gaming:
â–¶ YouTube: https://youtube.com/tribegaming
â–¶ Twitter: https://twitter.com/tribegaming
â–¶ Discord: https://discord.gg/tribegaming
â–¶ Instagram: https://instagram.com/tribegaming
â–¶ TikTok: https://www.tiktok.com/@tribegaming 

-----------------------------------------------------------------------------

EPIC SUPPORT!
â–º YouTube Sponsorship Perks! https://goo.gl/yCK7iW
â–º Patreon Sponsorship Perks! https://goo.gl/W2t6Yq
â–º Twitch Subscriber Perks! https://goo.gl/93CivX
â–º KairosTime Merch! https://goo.gl/EbP9e3

-----------------------------------------------------------------------------

BRAWL STARS PLAYLISTS
â–º Brawl Stars Olympics : https://goo.gl/SPbGtJ
â–º Competitive Tier List: https://goo.gl/aioZxU
â–º Mini Games & Challenges: https://goo.gl/33hf4x
â–º Let's Play with Lex: https://goo.gl/qbisWk
â–º PRO Interviews: https://goo.gl/Wom22n
â–º Strategy Guides: https://goo.gl/KDfK1B
â–º Brawler Guides: https://goo.gl/YC2fjW

-----------------------------------------------------------------------------

Thumbnail for this video may contain artwork from  https://www.instagram.com/freefgp/

-----------------------------------------------------------------------------

This content is not affiliated with, endorsed, sponsored, or specifically approved by Supercell and Supercell is not responsible for it. For more information see Supercellâ€™s Fan Content Policy: www.supercell.com/fan-content-policy",KairosTime Gaming,2025-04-21T15:00:07Z,385270,17209,2490,https://www.youtube.com/watch?v=3fy-Seli0Jc,2025-04-22 22:06:12.302112
ykjYTeh5nig,"1. FC Union Berlin â€“ VfB Stuttgart | Bundesliga, 30. Spieltag 2024/25 | sportstudio","Der 1. FC Union und der VfB Stuttgart lieferten sich ein Tor-Spektakel fÃ¼r die GeschichtsbÃ¼cher - doch so richtig freuen konnten sich darÃ¼ber nur die Berliner. Denn der Punktgewinn beim in der ersten Halbzeit turbulenten und rekordtrÃ¤chtigen 4:4 (4:4) im 100. Bundesliga-Heimspiel im Stadion An der Alten FÃ¶rsterei bescherte Union den vorzeitigen Verbleib in der FuÃŸball-Bundesliga.

Hier gibt es die Highlights der Bundesliga, der UEFA Champions League und des DFB-Pokals. Dazu die Highlights ausgewÃ¤hlter Partien der 2. Bundesliga und der Frauen-Bundesliga. Abonniert hier den Kanal: https://kurz.zdf.de/abosport/

Es brodelt in der vierthÃ¶chsten deutschen Spielklasse. WÃ¤hrend Traditionsklubs in der Regionalliga Nordost vehement eine Reform der unfairen Aufstiegsregelung einfordern, gerÃ¤t im Westen ein Verein nach dem anderen in finanzielle Schieflage - mit teils grotesken AuswÃ¼chsen wie beim 1. FC DÃ¼ren. Dort soll der Spielbetrieb mithilfe eines Spieler-Castings aufrechterhalten werden. In einer neuen Folge Bolzplatz schauen wir uns das Chaos genauer an: https://kurz.zdf.de/YEo/

sportstudio bei Instagram https://www.instagram.com/sportstudio/
sportstudio bei TikTok https://www.tiktok.com/@sportstudio.de
sportstudio bei WhatsApp https://kurz.zdf.de/6Em3U/

Die Gastgeber legten in ihrem 100. Bundesliga-Heimspiel einen Blitzstart hin.  Andrej Ilic (5.) staubte aus kurzer Distanz ab. Die Eisernen waren bemÃ¼ht, den Schwaben die RÃ¤ume zu rauben - und sie blieben selbst hÃ¶chst gefÃ¤hrlich. Nach dem zweiten Treffer, durch Diogo Leite nur eine knappe Viertelstunde spÃ¤ter, schien die groÃŸe Union-Party sicher, doch dann wurde es erst so richtig wild. Aus dem Nichts meldete sich Stuttgart mit Deniz Undavs (23.) Fernschuss, seinem ersten Treffer seit dem 18. Januar, zurÃ¼ck, Enzo Millot (29.) legte schnell mit viel GefÃ¼hl nach. Doch Leopold Querfeld (38.) setzte noch einen drauf, als er den Ball ansatzlos aus 35 Metern zum 3:2 ins Tor drosch. SpÃ¤testens jetzt rannten beide Teams ohne RÃ¼cksicht auf Verluste an und das Spiel eskalierte komplett. In einer ersten Halbzeit, in der quasi Abwehrarbeit nicht existierte, belohnten Jeff Chabot (43.) und Chris FÃ¼hrich (45.+1) den immer stÃ¤rker drÃ¼ckenden VfB mit der FÃ¼hrung, wobei Ilic der Partie mit seinem zweiten Treffer (45.+6), diesmal per Kopf, die nÃ¤chste Wendung verlieh. Und Bundesliga-Geschichte schrieb: Acht Tore in einer Halbzeit, das gab es in der Bundesliga noch nie.

In der Halbzeit schienen Steffen Baumgart und VfB-Coach Sebastian HoeneÃŸ, die richtigen Worte gefunden zu haben. Die Abwehrreihen standen nun sicherer, kein Vergleich zu den teils vogelwilden ZustÃ¤nden aus Abschnitt eins. Als direktes Resultat flachte die Partie ab, GroÃŸchancen gab es kaum noch. Ein Distanzschuss von Unions Benedict Hollerbach (56.) flog klar Ã¼ber das Tor.


Die Aufstellungen:

1. FC Union Berlin: RÃ¶nnow - Doekhi, Querfeld, Leite - Trimmel, Khedira, Rothe - Haberer (72. BÃ©nes), SchÃ¤fer (90.+2 Tousart) - Ilic (83. Ljubicic), Hollerbach (83. Skarke)
Trainer: Steffen Baumgart

VfB Stuttgart: NÃ¼bel - Stergiou (90.+1 Stenzel), Jeltsch, Chabot (72. Hendriks), MittelstÃ¤dt - Karazor, Stiller - Millot, Undav, FÃ¼hrich (90.+1 Bruun Larsen) - Demirovi
Trainer: Sebastian HoeneÃŸ

Schiedsrichter: Tobias Stieler (SÃ¶lden)

Kommentator: Gari Paubandt

#zdfbundesliga",sportstudio fuÃŸball,2025-04-20T22:01:04Z,783967,13947,507,https://www.youtube.com/watch?v=ykjYTeh5nig,2025-04-22 22:06:12.302112
6D1yFt1Uook,Brawl Talk: A NEW BRAWLER RARITY?!,"ğŸ¤¯ An ULTRA LEGENDARY Brawler Rarity?
ğŸ‘˜ 2 new Brawlers: a deadly geisha and a terrible karaoke singer! ğŸ¤
ğŸ¦– A Brawl MOBA?!
ğŸ”¥ 8 new Hypercharges
ğŸ£ New Skins, new Game Modes, new Event, and more!

FREE GIFT: https://supr.cl/brawl-freebie ğŸ

#BrawlTalk #BrawlStars #KatanaKingdom

Download NOW!! â–ºâ–º https://supr.cl/2K62CZG
Subscribe!! â–ºâ–º https://supr.cl/subscribe",Brawl Stars,2025-04-19T15:00:10Z,10535876,425524,57771,https://www.youtube.com/watch?v=6D1yFt1Uook,2025-04-22 22:06:12.302112
z99gGgjDqPY,"1. FC SaarbrÃ¼cken - Dynamo Dresden, Highlights mit Live-Kommentar | 3. Liga | MAGENTA SPORT","Den gesamten Gamereport siehst Du hier: https://youtu.be/RtlE4xG8_Sk

Alle Spiele der 3. LIGA live bei MagentaSport: https://bit.ly/3LigaLive

Mehr Live-Sport geht nicht!
FuÃŸball live: https://www.magentasport.de/fussball?wt_mc=daf_sospsoxx_2022-sport-som-ms_fussball-yt-47
Eishockey live: https://www.magentasport.de/eishockey?wt_mc=daf_sospsoxx_2022-sport-som-ms_eishockey-yt-48
Basketball live: https://www.magentasport.de/basketball?wt_mc=daf_sospsoxx_2022-sport-som-ms_basketball-yt-49

MagentaSport auf Facebook: https://www.facebook.com/magentasport.de 
MagentaSport auf Instagram: https://www.instagram.com/magentasport/
MagentaSport auf TikTok: https://www.tiktok.com/@magentasport?lang=de-DE",MAGENTA SPORT,2025-04-20T13:53:43Z,117876,882,259,https://www.youtube.com/watch?v=z99gGgjDqPY,2025-04-22 22:06:12.302112
mHGS5G2ouB8,Vestel | FenerbahÃ§e (3-3) Kayserispor - Highlights/Ã–zet | Trendyol SÃ¼per Lig - 2024/25,"Vestel SESM9090 X ile profesyonel kahve deneyimini evinize taÅŸÄ±yÄ±n; 20 bar basÄ±nÃ§ ve ayarlanabilir espresso seÃ§enekleriyle her fincanda mÃ¼kemmelliÄŸi yakalayÄ±n!

Trendyol SÃ¼per Lig'in 32. haftasÄ±nda FenerbahÃ§e ile Bellona Kayserispor karÅŸÄ± karÅŸÄ±ya geldi. Ãœlker Stadyumu'nda oynanan mÃ¼cadele 3-3 eÅŸitlikle sona erdi.

SarÄ± lacivertlilerin gollerini 36. dakikada Anderson Talisca, 64. dakikada Allan Saint-Maximin ve yine 79. dakikada penaltÄ±dan Anderson Talisca kaydetti. Bellona Kayserispor'un golleri 7. dakikada Ramazan Civelek, 48. dakikada kendi kalesine Dominik Livakovic ve 90+4'te Talha SarÄ±arslan'dan geldi.

Bu sonuÃ§la zirve yarÄ±ÅŸÄ±ndaki FenerbahÃ§e kritik puan kaybÄ± yaÅŸayarak puanÄ±nÄ± 72 yaptÄ± ve lider Galatasaray'Ä±n 5 puan gerisinde kaldÄ±. Bellona Kayserispor 37 puana yÃ¼kseldi.

Ligin bir sonraki haftasÄ±nda FenerbahÃ§e deplasmanda Gaziantep FK ile karÅŸÄ±laÅŸacak. Bellona Kayserispor sahasÄ±nda Ã‡aykur Rizespor'u aÄŸÄ±rlayacak.

Premier Lig, Bundesliga ve Ligue 1â€™den en Ã¶zel iÃ§erikler, gÃ¼ncel Ã¶zet videolar ve Ã§ok dahasÄ± beIN SPORTS TÃ¼rkiye Youtube kanalÄ±nda!

beIN SPORTS'un en gÃ¼ncel programlarÄ±nÄ±, spor dolu iÃ§eriklerini takip etmek iÃ§in kanala abone olmayÄ± unutmayÄ±n: http://dgtrk.lu/1ebhi

Trendyol SÃ¼per Lig Ã–zetleri: http://dgtrk.lu/1ewd4

beIN SPORTS ArÅŸiv: http://dgtrk.lu/1evqg

Bizi sosyal medyada takip edin: 
ğŸ“Œ Facebook: https://www.facebook.com/beINSPORTSTR 
ğŸ“Œ Twitter: https://twitter.com/beINSPORTS_TR 
ğŸ“Œ Instagram: https://www.instagram.com/beinsportstr/

--------------

Daha fazlasÄ± iÃ§in:
En Ã‡ok Ä°zlenen Galatasaray VideolarÄ±: https://bit.ly/3H04L90
En Ã‡ok Ä°zlenen FenerbahÃ§e VideolarÄ±: https://bit.ly/3OT03f7
En Ã‡ok Ä°zlenen BeÅŸiktaÅŸ VideolarÄ±: https://bit.ly/3Vv5C66
En Ã‡ok Ä°zlenen Trabzonspor VideolarÄ±: https://bit.ly/3gPlzF7


#sÃ¼perlig #fenerbahÃ§e #kayserispor #maÃ§Ã¶zeti #beinsportshaber #beinsportstÃ¼rkiye",beIN SPORTS TÃ¼rkiye,2025-04-20T18:55:59Z,477053,5917,1416,https://www.youtube.com/watch?v=mHGS5G2ouB8,2025-04-22 22:06:12.302112
kwRGsCfrBX4,"@montanablack x Ehrenpflaume - Ein Tag mit Marcel, 5 Jahre nach dem 1. Video im Jahr 2020","YouTube feiert 20. Geburtstag, am 23.April 2005 ging das erste Video online. Mein Kanal Ehrenpflaume wird in diesem Jahr auch schon 5 Jahre alt und das erste Video ""Ein Tag mit Monte"" kam am 5.September 2020. Grund genug 5 Jahre spÃ¤ter mal wieder bei Marcel Zuhause vorbeizuschauen und mit ihm darÃ¼ber zu reden, was sich in der Zeit so alles verÃ¤ndert hat. Es gibt, wie immer zwischen uns, viel SpaÃŸ, aber auch eine Menge ernsthafte GesprÃ¤che.
Ich freue mich auf eure Kommentare, lass gerne einen Like da, wenn dir das Video gefallen hat und abonniere meinen Kanal (wenn du es nicht eh schon lÃ¤ngst getan hast).
Ein cooles Gewinnspiel gibt's auch, dazu gibts mehr Infos am Ende des Videos und bei mir auf Instagram.
-----------------------------------------------------------------------------------
Fette Props an die EhrenkammeramÃ¤nner Julian Bogner und Julian Pfeil fÃ¼r die super Bilder und ganz speziell noch mal an Julian B. fÃ¼r den mega Schnitt. 
Lasst auf jeden Fall auch ein Abo bei den beiden da!!!

Julian Bogner
Instagram: https://www.instagram.com/julian__bogner/

Julian Pfeil
https://www.instagram.com/julianpfeil/?hl=de",EHRENPFLAUME,2025-04-19T10:01:16Z,604327,30920,2084,https://www.youtube.com/watch?v=kwRGsCfrBX4,2025-04-22 22:06:12.302112
tgnCvG491r8,DU HAST KEINE AHNUNG VOM SPORT,"ğŸ“… Deutsche Memes Folge 99

Quellen:
@LetsHugo @Wichtiger @Trymacs @montanablack @zarbex @maximalschradin @paulfrege @HowToBeHuman @SkylineTV @RonnyBerger @Aditotoro @Marc_Eggers @Knossi @MarkusRuehl @Rumathra @Gurkensohn @AlphaMusicEmpire 

Folgt mir auf Insta: https://www.instagram.com/hungrigerhugo/

Danke an Kevin , Alex & Jan fÃ¼r die UnterstÃ¼tzung beim Video! 
Alex (VFX Effekte): https://www.instagram.com/arlex.ae/

UnterstÃ¼tzt mich bei zave.it: https://app.zave.it/#/?creator=@HungrigerHugo *
* = Werbung

Mehr von mir:
Twitch: https://www.twitch.tv/hungrigerhugoyt
Twitter: https://mobile.twitter.com/hungrigerhugoyt

Welche Musik ich benutze: https://www.epidemicsound.com/referral/55rtly (* Werbung )
- (Das ist Epidemic Sounds, da bezahlt man 13â‚¬ pro Monat und kann dafÃ¼r dann ganz viel Musik benutzen, ihr kÃ¶nnt euch auch nen gratis Monat zum Testen holen. Wenn ihr das Ã¼ber meinen Link hier macht kriege ich ab dem Moment wo ihr bezahlt, falls ihr das Abo nach dem Gratismonat verlÃ¤ngert, 50%ğŸ¤) 

Kanalmitglied werden: https://www.youtube.com/channel/UCxivtyDib-xnd_fH3a3nQFg/join",Hungriger Hugo,2025-04-19T12:01:35Z,455981,29862,336,https://www.youtube.com/watch?v=tgnCvG491r8,2025-04-22 22:06:12.302112
ahY-sqcxnmQ,Ehrliche Thermomix Werbung,"In nomine Cucinae, et Thermomixi, et Vapori Sancti.
#thermomix #tm7 #vorwerk #comedy #phillaude 

-------------------------------------------------------- 

Der Laude ist bei #funkâ€‹â€‹â€‹â€‹â€‹â€‹â€‹â€‹â€‹
YouTube: https://www.youtube.com/funkofficial
Instagram: https://www.instagram.com/funk
TikTok: https://www.tiktok.com/@funk 
Website: https://go.funk.net
https://go.funk.net/impressum

ABONNIER MICH â–º
https://www.youtube.com/c/PhilLaude/
STALKE DEN LAUDE â–º 
Instagram | https://www.instagram.com/phillaude/
Twitter | http://twitter.com/phillaudeâ€‹â€‹â€‹â€‹â€‹â€‹â€‹â€‹â€‹ 
Facebook | http://facebook.com/phillaude4realâ€‹â€‹â€‹â€‹

----------------------------------------------------------- 

Meine Squad:
Pesh Ramin: https://www.instagram.com/peshramin/
Ralph Schiller
Sandro Liman: https://www.instagram.com/sandromandro/
Marcus Nesseler
Miriam Dane 
Alina LÃ¼ck 
Maike Frank https://www.instagram.com/meykdonalds/ 
Lola Koch
Vincent Hahnen
Isabella Ott",Phil Laude,2025-04-20T09:00:02Z,209697,10060,491,https://www.youtube.com/watch?v=ahY-sqcxnmQ,2025-04-22 22:06:12.302112
RKZPMyAvEXs,Fortnite Galactic Battle Teaser Trailer,"An all new Star Wars themed Season arrives soon, drop in for Fortnite Galactic Battle on May 2, 2025.

Play Fortnite Battle Royale, the completely free 100-player PvP mode. One giant map, A Battle Bus, Last one standing wins. ESRB Rating: Teen with Violence.

Instagram: https://www.instagram.com/fortnite/â€‹
Twitter: https://twitter.com/FortniteGameâ€‹
Facebook: https://www.facebook.com/FortniteGame/â€‹
TikTok: https://www.tiktok.com/@Fortnite

Learn More: https://www.epicgames.com/fortnite/en-US/home",Fortnite,2025-04-20T02:27:10Z,1433121,57431,5492,https://www.youtube.com/watch?v=RKZPMyAvEXs,2025-04-22 22:06:12.302112
gow4IvU021I,"WINNER SONG: CÃ©line Dion - ""All By Myself"" (Neo) | Finals | The Voice Kids 2025","Alles auf Joyn kostenlos / Full episodes: 
https://url.joyn.de/tvk/description

Hier bleibt kein Auge trocken! Mit der powervollen Ballade ""All By Myself"" von CÃ©line Dion geht Neo ins Finale und berÃ¼hrt das Publikum mit seiner gefÃ¼hlvollen Performance. Kann er die Zuschauer:innen zu TrÃ¤nen rÃ¼hren und den Sieg fÃ¼r Team Wincent holen?

â–º Kanal abonnieren! / Subscribe to ""The Voice Kids"":
www.youtube.com/@TVKde

*Empfohlen ab 6 Jahren / Recommended from age 6*

- - - - - - - - - - - - - - - - - - - - - - - - - - - - - - - - - - - - - - - - - - 

Bei ""The Voice Kids"" dÃ¼rfen die jÃ¼ngsten Talente zeigen, was in ihnen steckt! Dabei zÃ¤hlt nur die Stimme: Denn wÃ¤hrend ihres Auftritts in den Blind Auditions sind die Coach-Sessel in Richtung des Publikums ausgerichtet, sodass die Coaches nicht sehen, wer auf der BÃ¼hne steht.

Wenn sie ein Talent in ihr Team holen mÃ¶chten, drÃ¼cken sie auf den Buzzer und der SÃ¤nger oder die SÃ¤ngerin ist eine Runde weiter. Falls mehrere Coaches buzzern, hat das Talent freie Wahl. 

Nach den Blind Auditions folgen die Knockouts. Dort werden jeweils 12 Talents in drei Gruppen unterteilt, in denen sie ihren Coach in direkter Konkurrenz Ã¼berzeugen mÃ¼ssen. 

Nur wer sich hier abermals durchsetzt, schafft es in die alles ersehnten Finals - und hier entscheidet sich letztendlich, welches Talent welchen Teams mit einer atemberaubenden Stimme Ã¼berzeugen kann und ""The Voice Kids"" gewinnt!

â–º Noch mehr Infos & News zu ""The Voice Kids"" / Get more information:
https://www.joyn.de/bts/serien/the-voice-kids

Hier geht's zu den Clips der 12. Staffel / Click here to watch hihglights of season 12:

â–º Best Ofs 2024: 
https://www.youtube.com/playlist?list=PL_NKWLcpSrYOiEHqgx44hgjT-UsKolSt8

â–º Alle Clips 2024: 
https://www.youtube.com/playlist?list=PL_NKWLcpSrYMNUzvnhlgk2ngUutp4LL23

â–º First Looks 2024: 
https://www.youtube.com/playlist?list=PL_NKWLcpSrYNEkARXhlVMMLCHHTwJ702E

â–º Blind Auditions 2024:
https://www.youtube.com/playlist?list=PL_NKWLcpSrYOrOJrp0atUMm5THYOIVI7G

â–º Battles 2024: 
https://www.youtube.com/playlist?list=PL_NKWLcpSrYMF863jbnF1yTAd_RtWICBR

â–º Sing Offs 2024: 
https://www.youtube.com/playlist?list=PL_NKWLcpSrYMR292O2RJorvbGoxN3sIVy

â–º Finals 2024: 
https://www.youtube.com/playlist?list=PL_NKWLcpSrYMDYnEjouZ7BuTzXc0-uQOq

#thevoicekids #thevoicekidsgermany #tvk #music #coaches #talents #joyn #sat1 

Impressum: 
https://www.sat1.de/service/impressum",The Voice Kids,2025-04-18T20:43:37Z,757102,6844,0,https://www.youtube.com/watch?v=gow4IvU021I,2025-04-22 22:06:12.302112
xqi9pzZsud0,What i eat in a day + Lebensmittel Haul (aka mein absolutes Lieblingsvideo),"â–¹ What i eat in a day + Lebensmittel Haul (aka mein absolutes Lieblingsvideo)
__

Meine Amazon Lieblingsprodukte: https://www.amazon.de/shop/juliabeautx *
Mein Podcast mit Joey: https://linktr.ee/dienervigenpodcast
Meine Parfummarke: https://juliabeautx.de

STALK MICH..
â™¥ï¸ Hauptkanal: https://www.youtube.com/user/JuliaBeautx
â™¥ï¸ Instagram: https://www.instagram.com/juliabeautx
â™¥ï¸ Tiktok: https://www.tiktok.com/@juliabeautx
__

GeschÃ¤ftliche Emailadresse: beautx@bwm-com.com

*Affiliate Link: Ich erhalte eine Umsatzbeteiligung von VerkÃ¤ufen, die durch diesen Link generiert wurden.
__

Habt einen tollen Tag & macht ihn zu eurem schÃ¶nsten, Julia â™¡",BeautxVlogs,2025-04-19T09:30:36Z,288474,13744,450,https://www.youtube.com/watch?v=xqi9pzZsud0,2025-04-22 22:06:12.302112
fUYcs9-qDfI,Manchester United vs. Olympique Lyon - Highlights | UEFA Europa League | RTL Sport,"Manchster United empfÃ¤ngt unter dem Flutlicht von Old Trafford Olympique Lyon zum RÃ¼ckspiel des Viertelfinales der Europa League. Im Hinspiel trennten sich die beiden Teams nach einem spannenden Spiel 2:2. Der Last-Minute Treffer  von Youngstar Ryan Cherki findet aufgrund eines Patzers von United Torwart Andre Onana sein Ziel im Netz uns sorgt dadurch fÃ¼r ein offenes RÃ¼ckspiel in Manchester. Die Reds von Ruben Amorim wollen nun mit ihrer OffensivstÃ¤rke rund um Bruno Fernandes und Alejandro Garnacho die eigenen Fans zuhause verzaubern, um einen groÃŸen Schritt Richtung Europa League Titel zu machen.

ğŸ¬ Live-Ãœbertragungen, Highlights & mehr FuÃŸball auf RTL+ https://plus.rtl.de/themenwelt/fussball?utm_source=youtube&utm_medium=editorial&utm_campaign=beschreibung&utm_term=rtlsport 

ğŸ‘‰ Kanal abonnieren: https://www.youtube.com/@RTLSport?sub_confirmation=1 

Thumbnail: Â© Imago
 
#RTLSport #Fussball #uel",RTL Sport,2025-04-17T23:35:01Z,1372196,31146,1431,https://www.youtube.com/watch?v=fUYcs9-qDfI,2025-04-22 22:06:12.302112
2C6omXxIcyE,"$1 vs $25,000 Build Challenge","These builds are insane
Go try the new Feastables Birthday Cake Batter Bar, available only at Walmart, 7-Eleven, Kroger, and Albertsons locations across America  ğŸ‘‰ğŸ» https://fstbls.com/5mj6dv

SUBSCRIBE OR YOU'LL HAVE BAD LUCK

New Merch - https://mrbeast.store/

Join our discord server for your chance to compete in future Minecraft challenges!
https://discord.gg/mrbeastgaming

Check out Viewstats! - https://www.viewstats.com/

For any questions or inquiries regarding this video please reach out to chucky@mrbeastbusiness.com

Thanks to Uplift Desk for the desks! Check them out at https://www.upliftdesk.com/
----------------------------------------------------------------
follow all of these or i will kick you
â€¢ Facebook - https://www.facebook.com/MrBeast6000/
â€¢ Twitter - https://twitter.com/MrBeast
â€¢  Instagram - https://www.instagram.com/mrbeast
--------------------------------------------------------------------",MrBeast Gaming,2025-04-19T16:00:01Z,8663754,283832,7070,https://www.youtube.com/watch?v=2C6omXxIcyE,2025-04-22 22:06:12.302112
MeN9_KrQmOo,FC Barcelona - Celta Vigo | LaLiga | DAZN Highlights,"Am 32. Spieltag empfÃ¤ngt der FC Barcelona, der unter der Woche gegen Borussia Dortmund ins Halbfinale der Champions League eingezogen ist, in der Liga Celta Vigo.

Spielverlauf:
1:0 F. Torres (12.)
1:1 B. Iglesias (15.)
1:2 B. Iglesias (52.)
1:3 B. Iglesias (62.)
2:3 D. Olmo (64.)
3:3 Raphinha (68.)
4:3 Raphinha (90+8.)

Die Highlights aus der KÃ¶nigsklasse siehst du hier: https://www.youtube.com/@DAZNUEFAChampionsLeague #ucl 

Die besten Highlights aus dem internationalen FuÃŸball siehst du hier: https://www.youtube.com/@DAZNFussball #laliga #seriea #ligue1 #dfbpokal 

+++ Ãœber diesen Link registrieren und DAZN kostenlos nutzen: bit.ly/DAZNforFree +++

â–ºHier geht's zu DAZN: http://bit.ly/DAZNerleben
â–ºDas Programm von DAZN: https://www.dazn.com/de-DE/schedule
â–ºDAZN auch auf Facebook: https://bit.ly/2lUGipo

+++ Die besten Highlights aus allen Wettbewerben auf YouTube +++
â–ºDAZN UEFA Champions League auf YouTube abonnieren: https://bit.ly/DAZNUEFAChampionsLeague
â–ºDAZN Darts auf YouTube abonnieren: https://bit.ly/DARTZN
â–ºDAZN Fightclub auf YouTube abonnieren: https://bit.ly/DAZNFightclub 

DAZN ist die Heimat des FuÃŸballs. Nur auf DAZN sehen Fans die besten Wettbewerbe an einem Ort: Die UEFA Champions League, die FIFA Klub-WM 2025â„¢, die Bundesliga ab 2025/26 erstmalig inkl. der legendÃ¤ren Konferenz sowie die besten internationalen Ligen mit LALIGA, Serie A und Ligue 1. DarÃ¼ber hinaus bietet nur DAZN fÃ¼r alle Fans auch neben dem FuÃŸball das breiteste und beste Angebot an Spitzensport, u.a. den besten US-Sport mit der NFL und NBA, Handball mit der EHF Champions League und EHF European League, Darts mit der PDC, die DP World Tour und die LIV Golf Tour im Golf oder Kampfsport mit der UFC, PFL und den grÃ¶ÃŸten BoxkÃ¤mpfen â€“ alles an einem Ort, nur auf DAZN.
 
ERLEBE DEINEN SPORT LIVE UND AUF ABRUF. AUF ALLEN GERÃ„TEN.
 
+++ Ãœber DAZN +++
 
DAZN ist ein Livesport-Streamingdienst, der es Fans erlaubt, Sport so zu erleben, wie sie es mÃ¶chten. Egal ob live zu Hause, unterwegs, zeitversetzt oder im RÃ¼ckblick, DAZN bietet Ã¼ber 8.000 SportÃ¼bertragungen pro Jahr und beinhaltet damit das umfangreichste Sportangebot, das es jemals bei einem einzelnen Anbieter gegeben hat.
 
Impressum:
https://help.dazn.com/hc/de-de/articles/16422027760029-Impressum",DAZN FuÃŸball,2025-04-19T16:59:51Z,722035,15861,1071,https://www.youtube.com/watch?v=MeN9_KrQmOo,2025-04-22 22:06:12.302112
4ru0MHCqIfM,"Neo ist der Gewinner von ""The Voice Kids"" 2025! ğŸ† | The Voice Kids 2025","Alles auf Joyn kostenlos / Full episodes: 
https://url.joyn.de/tvk/description

Endlich ist es so weit: Neo ist der Gewinner von ""The Voice Kids"" 2025! Er hat das Publikum in Finale in seinen Bann - und die Telefonleitungen - gezogen. Sein Coach Wincent Weiss ist mÃ¤chtig stolz. Gemeinsam feiern sie ihren Sieg. Herzlichen GlÃ¼ckwunsch!

â–º Kanal abonnieren! / Subscribe to ""The Voice Kids"":
www.youtube.com/@TVKde

*Empfohlen ab 6 Jahren / Recommended from age 6*

- - - - - - - - - - - - - - - - - - - - - - - - - - - - - - - - - - - - - - - - - - 

Bei ""The Voice Kids"" dÃ¼rfen die jÃ¼ngsten Talente zeigen, was in ihnen steckt! Dabei zÃ¤hlt nur die Stimme: Denn wÃ¤hrend ihres Auftritts in den Blind Auditions sind die Coach-Sessel in Richtung des Publikums ausgerichtet, sodass die Coaches nicht sehen, wer auf der BÃ¼hne steht.

Wenn sie ein Talent in ihr Team holen mÃ¶chten, drÃ¼cken sie auf den Buzzer und der SÃ¤nger oder die SÃ¤ngerin ist eine Runde weiter. Falls mehrere Coaches buzzern, hat das Talent freie Wahl. 

Nach den Blind Auditions folgen die Knockouts. Dort werden jeweils 12 Talents in drei Gruppen unterteilt, in denen sie ihren Coach in direkter Konkurrenz Ã¼berzeugen mÃ¼ssen. 

Nur wer sich hier abermals durchsetzt, schafft es in die alles ersehnten Finals - und hier entscheidet sich letztendlich, welches Talent welchen Teams mit einer atemberaubenden Stimme Ã¼berzeugen kann und ""The Voice Kids"" gewinnt!

â–º Noch mehr Infos & News zu ""The Voice Kids"" / Get more information:
https://www.joyn.de/bts/serien/the-voice-kids

Hier geht's zu den Clips der 12. Staffel / Click here to watch hihglights of season 12:

â–º Best Ofs 2024: 
https://www.youtube.com/playlist?list=PL_NKWLcpSrYOiEHqgx44hgjT-UsKolSt8

â–º Alle Clips 2024: 
https://www.youtube.com/playlist?list=PL_NKWLcpSrYMNUzvnhlgk2ngUutp4LL23

â–º First Looks 2024: 
https://www.youtube.com/playlist?list=PL_NKWLcpSrYNEkARXhlVMMLCHHTwJ702E

â–º Blind Auditions 2024:
https://www.youtube.com/playlist?list=PL_NKWLcpSrYOrOJrp0atUMm5THYOIVI7G

â–º Battles 2024: 
https://www.youtube.com/playlist?list=PL_NKWLcpSrYMF863jbnF1yTAd_RtWICBR

â–º Sing Offs 2024: 
https://www.youtube.com/playlist?list=PL_NKWLcpSrYMR292O2RJorvbGoxN3sIVy

â–º Finals 2024: 
https://www.youtube.com/playlist?list=PL_NKWLcpSrYMDYnEjouZ7BuTzXc0-uQOq

#thevoicekids #thevoicekidsgermany #tvk #music #coaches #talents #joyn #sat1 

Impressum: 
https://www.sat1.de/service/impressum",The Voice Kids,2025-04-18T22:10:34Z,558130,3584,0,https://www.youtube.com/watch?v=4ru0MHCqIfM,2025-04-22 22:06:12.302112
UUFJlUy5aA4,ì•„ìŠ¤íŠ¸ë¡œ(ASTRO) - ê¿ˆì†ì˜ ë¬¸(Moon) : Memory of the Moon,"#ASTRO #ì•„ìŠ¤íŠ¸ë¡œ #ê¿ˆì†ì˜ë¬¸ #Moon

ASTRO - ê¿ˆì†ì˜ ë¬¸(Moon) : Memory of the Moon

with 
VIVIZ (ë¹„ë¹„ì§€)
ë¯¼í˜, ê¸°í˜„, I.M of MONSTA X 
í˜¸ì‹œ, ì›ìš°, ë¯¼ê·œ, ë„ê²¸, ìŠ¹ê´€ of SEVENTEEN
HELLO GLOOM
ë¼í‚¤
ìµœìœ ì •
ê¹€ë„ì—°
ì°¬í¬ (SF9)
ë°©ì°¬ (Stray Kids)
ë¬¸ìˆ˜ì•„ (Billlie)

â–¶ Twitter : http://twitter.com/offclASTRO
â–¶ Facebook : http://facebook.com/offclASTRO
â–¶ Instagram : https://www.instagram.com/officialastro
â–¶ Weibo : http://weibo.com/officialASTRO
â–¶ Fancafe : http://cafe.daum.net/fantagio-boys",ASTRO ì•„ìŠ¤íŠ¸ë¡œ,2025-04-19T09:00:10Z,3236751,593785,28425,https://www.youtube.com/watch?v=UUFJlUy5aA4,2025-04-22 22:06:12.302112
_tyeuEWUvcM,Dino Merlin feat. Halid BeÅ¡liÄ‡ - Godino vrela (Official Video),"Dino Merlin x BH Telecom x Samsung predstavljaju: â€œGodino vrelaâ€

â€œMiâ€ (Official Visual Album) OUT NOW: https://tinyurl.com/DinoMerlinMi
Stream ""Mi"" NOW: https://emdc.yt/mi

Apple Music â–º http://smarturl.it/DMTunes
Deezer â–º http://hyperurl.co/DMDeezer
Spotify â–º http://smarturl.it/SpotifyDM
Dino Merlin Shop â–º https://dinomerlin.com/shop

Godino vrela

Ko to koga, brigo moja 
NoÄ‡as pozdravlja
I kojim to, brigo moja 
TuÅ¾nim pozdravom 
Zbogom ilâ€™ doviÄ‘enja

Hej, Äekat Ä‡u te
Sve dok ti usne rumene
Ne zaÅ¡ute
Hej, ljubit Ä‡u te
Sve dok mi suze ne zamagle 
Sive pute

Godino vrela

Ko to kome, brigo moja 
NoÄ‡as nazdravlja
I kojim to, brigo moja 
Gorkim otrovom
NiÅ¡ta od pomirenja

Hej, Äekat Ä‡u te
Sve dok ti usne rumene
Ne zaÅ¡ute
Hej, ljubit Ä‡u te
Sve dok mi suze ne zamagle 
Sive pute

Ko to koga, brigo moja
NoÄ‡as ne voli
I kaÅ¾e da zauvijek drugom odlazi 
Sretno ti bilo, vilo
Sve ti se pozlatilo

Hej, Äekat Ä‡u te...

Muzika i tekst: Dino Merlin
AranÅ¾man: Adis Sirbubalo, SrÄ‘an Kurpjel
Klavijature, harmonika, programiranje: Adis Sirbubalo
Bas, klavijature, programiranje: SrÄ‘an Kurpjel
AkustiÄna gitara: Alen LemeÅ¡eviÄ‡
Gitare, gruzijski vokali: Zviad Mgebry
PrateÄ‡i vokali: Maya Sar, Aida MuÅ¡anoviÄ‡ ArsiÄ‡
Snimanje, mix: Mahir SarihodÅ¾iÄ‡
Mastering: Randy Merrill @ Sterling Sound (Edgewater, NJ)
Producent: Dino Merlin
IzdavaÄ: Magaza 
Nakladnik: IDM Music (Zagreb / New York)
YouTube network & digital distribution: EMDCÂ®

ReÅ¾ija i scenarij: Kukla
Direktor fotografije: Lazar BogdanoviÄ‡
Producent: Aleksandar PejÄiÄ‡ 
Organizator: Tamara Hristov
Asistenti produkcije: Filip MitiÄ‡, Predrag MikiÄ‡
1st AD: DraÅ¾a Å½ivanoviÄ‡
2nd AD: Boris Äerman
Scenograf: Orjen ÄuriÄ‡
MontaÅ¾a: Branimir Å½ivkoviÄ‡, Stefan RokviÄ‡
Asistent montaÅ¾e, online editor & mastering: Nikola EgeriÄ‡
Kolor: Cvet Pro - Nikolai Smirnov
VFX: Primer studio, Andrija GrkiÄ‡ 
Koreograf: Tamara PjeviÄ‡, JakÅ¡a Filipovac
1st AC: Marko JokiÄ‡
Gaffer: Igor PavloviÄ‡ 
Å ef scene: Dragan Gagi JoviÄ‡
Stedicam: Vladimir ArsenijeviÄ‡
SFX: Losos 
Kostimografkinja: Jana ZaharijeviÄ‡
Asistentkinja kostimografkinje: Anja VranjeÅ¡
Garderoberka: ÄorÄ‘ina TodoroviÄ‡
MUA Dino Merlin: Dragan Vurdelja
MUA (glumci): Teodora MiloÅ¡eviÄ‡, Stevan RaciÄ‡, Cecilija Vurdelja, Aleksandra Hedji, Monika KneÅ¾eviÄ‡
Frizura Dino Merlin: Ensar DerviÅ¡begoviÄ‡, Nikola StanojkoviÄ‡
Studio: Firefly studios
Rentali: Media Plus, Å apa Lights
Catering: Jerry Catering
Fotografija: UrÅ¡a Premik
BTS: Ivica NikoliÄ‡
GrafiÄki dizajn: Marin BeroviÄ‡

Glumci:
NebojÅ¡a Å½ivanoviÄ‡
Steva SamardÅ¾iÄ‡
Mile BabiÄ‡
Dragoljub MijaÄiÄ‡
Zoran IgnjatoviÄ‡
Predrag TodoroviÄ‡
Branko Petljanski
SrÄ‘an IliÄ‡
Vladimir Rus
MomÄilo MrÄkoviÄ‡
Novica PaunoviÄ‡
DuÅ¡ko KneÅ¾eviÄ‡
LjubiÅ¡a KrstiÄ‡
Slavoljub StefanoviÄ‡
Jovan MilutinoviÄ‡

Margareta MilanoviÄ‡
Una OdobaÅ¡iÄ‡
Ivona JevtoviÄ‡
Jelena MilosavljeviÄ‡
Aleksandra StanojeviÄ‡",Dino Merlin,2025-04-18T19:04:08Z,780823,19454,940,https://www.youtube.com/watch?v=_tyeuEWUvcM,2025-04-22 22:06:12.302112
VFseTqsfqec,"CARFREITAG 2025 NÃœRBURGRING! FAILS, CRAZY DRIVERS & Highlights Touristenfahrten Nordschleife","Disclaimer: All content in this video is created and owned by #statesidesupercars unless stated otherwise. Unauthorized use of copyrighted material is strictly prohibited.
MOIN LEUTE / hello everyone, 
Welcome back to a brand new Touristenfahrten (Public driving) video from the Nurburgring Nordschleife, this time with the highlights carfreitag 2025! The day started off very wet which meant a lot of drifts and spins, after which the weather turned dry and people could push a little more! 
Let me know which moment was your favorite in the comments below!
Corners of the track filmed at:
Brunnchen 2
Adenauer Forst
18.04.2025 Touristenfahrten 
Some of the cars in this video: 
Nissan R34 GTR nurburgring 
Toyota supra @schaefchen  Nurburgring 
bmw m3 e92 drift nurburgring
audi a4 almost crash nurburgring 
vw jetta fail nurburgring
fiat 500l nurburgring 
volvo drift nurburgring 
bmw m2 drift nurburgring 
bmw m3 g80 drift nurburgring
bmw m4 fail nurburgring 
bmw e36 fail nurburgring
jaguar fpace svr fail nurburgring
mazda mx5 almost crash nurburgring
vw golf r drift nurburgring 
lexus is200 fail nurburgring
hyundai i30n fail nurburgring 
bmw m2 fail nurburgring
and many more.",statesidesupercars,2025-04-18T19:33:36Z,234711,2809,345,https://www.youtube.com/watch?v=VFseTqsfqec,2025-04-22 22:06:12.302112
rcxnRaZ6slU,Star Wars Zero Company | Official Announce Trailer,"""There's a war you don't see.The one fought in the shadows. The war beneath the war.â€

Command an elite squad through a gritty and authentic story set during the twilight of the Clone Wars in STAR WARS Zero Companyâ„¢, a single-player turn-based tactics game developed by Bit Reactor in collaboration with Respawn Entertainment and Lucasfilm Games. 

Step into the shoes of Hawks, a former Republic officer who leads Zero Company - an unconventional outfit of professionals for hire hailing from across the galaxy. Hawks and Zero Company are recruited for an operation that pits them against an emerging threat that will consume the galaxy if left unchecked. To succeed, Hawks will lead a team of uneasy allies who must set aside their differences to overcome nearly impossible odds. 

STAR WARS Zero Companyâ„¢ launches on PC, PlayStationÂ®5, and Xbox Series X|S in 2026. Wishlist Now on http://www.starwarszerocompany.com !

#starwars #SWZeroCo

Follow us on:

X: @EAStarWars
Facebook: EAStarWars 
Instagram: @eastarwars 
Threads: EA StarWars
TikTok: @electronicarts",EA Star Wars,2025-04-19T07:31:27Z,1177943,31530,3566,https://www.youtube.com/watch?v=rcxnRaZ6slU,2025-04-22 22:06:12.302112
xFB_Cduys8E,bissu dumm Â¿ MEGALODON REMIX,"MEGALODON REMIX hier streamen â–º https://bonezmcnate57.lnk.to/megalodonremix 
CrhymeTV abonnieren â–º http://ytb.li/CrhymeTV 

Danke an alle Artists und Beteiligten die am Start waren! 

Reihenfolge: 
Die P, MP Freshly, Jaill, Vega, Sido, Juju, Caney030, Eno, Dardan, Azad, Olexesh, Zined, Haze, Makko, Kwam.E, Bonez, LX, Ski Aggu, Celo & Abdi, Nate, Kolja, Saliou, Frauenarzt, AK Ausserkontrolle, Nizi, Samra, Sa4, Big Toe, Kontra K, Curse, Laas, Crackaveli, Reeperbahn Kareem, Eizi Eiz, Finch, Silva, AchtVier, Kaisa Natron, Veysel, Sil3A, Jonesmann, Tom Hengst, AK33, OTW, Massiv, Hakan Abi 

bissu dumm Â¿ produced by Jugglerz, Levin 
â–º https://www.instagram.com/jugglerz/ 
â–º https://www.instagram.com/levinlucca/ 
Mix & Master by Lex Barkey 
â–º https://www.instagram.com/lexbarkey/ 
Video By Benny 030 
â–º https://www.instagram.com/benny_030/ 

Wenn euch das Video gefallen hat, gebt einen Daumen hoch dafÃ¼r, teilt es mit euren Freunden und schreibt eure Meinung in die Kommentare. Um nichts zu verpassen abonniert: http://ytb.li/CrhymeTV #bonezmc #nate57 #deutschrap",CrhymeTV,2025-04-16T21:49:29Z,1993164,162869,13167,https://www.youtube.com/watch?v=xFB_Cduys8E,2025-04-22 22:06:12.302112
riCP9x31Kuk,Doechii - Anxiety (Official Video),"â€œAnxietyâ€ Doechii

Directed by James Mackel for Adele Drive

Production Company: Adele Drive 
Executive Producers: Anthony â€œTop Dawgâ€ Tiffith, Anthony Moosa Tiffith
EP: Langston Griffith-Siebens

Production Company: More Avenue
Produced by Jolene Mendes, Sophia Sabella, Pablo Feldman

Director of Photography: Nico Aguilar
Production Designer: Hensel Martinez
Choreographer: Robbie Blue
Stunt Coordinator: Robert Brown 
Creative Directors: James Mackel, Connor Tingley, Sammy McEntire, Langston Griffith-Siebens
Editor: Sammy McEntire

VFX: Pendulum
Colorist: Bryan Smaller

Featuring: Courtney Hargrett, Sydney Hargrett

Production Manager: Rachel Nagao
Production Coordinator: Megan Short
Location Manager: Ron Dabach
Production Accountant: Jessica Feder

First Assistant Director: Jonas Morales
Second Assistant Director: Damon Limbrick
Second Second Assistant Director: Jane Kim

Assistant Choreographer: Marie Spieldenner

First Assistant Camera: Connor Lambert
Second Assistant Camera: Jordan Oglesby
Loader: McKay Todd
Steadicam Operator: Chris Loh
Crane Operator: Clay Platner
Crane Tech: Ned Hurlbut
Matrix Techs: Simon Shin, Doug McCormick
VTR: Bob Mills

Chief Lighting Technician: Tony Varoula
Assistant Chief Lighting Technician: Don Davidson
Electrics: Fred Palluzi, Nick Arnold
Hyphenate Driver / Electric: Anthony Olmos

Key Grip: John Day
Best Boy Grip: Stu Brumbaugh
Grips: Sara Elia, Adam Baker, Hermexial Drexilus
Dolly Grip: Kenneth Colbentz
Hyphenate Driver / Grip: Peter Yauri

Transportation Gang Boss: Rick Antonette

Art Directors: Helen Morales, Adam Miko, Justin Brown
Set Decorator: Natalia Brito
Lead Person: Leo Arroyo
Hyphenates: Talyn LaTour, Maximo Huete
On-Set Dresser: Nick De La Rosa
Set Dresser: Drew Wall
Scenics: Danielle Manning, Anya Dikareva, Krystall Schott, Hailee Field
Shoppers: Heidy Orellana, Simone Arielle Moscovitch, Kaylinn Duffy, Alina Ã‡elik
Graphic Designer: Mackenzie Murray, Remy Levy
Art Assistant: Dylan Dobler

Special Effects / Pyro: John Eggett

Doechiiâ€™s Team â€“
Assistant to Doechii: Caroline Fromm
Stylist: Sam Woolf
Styling Assistant: Juliette Hill
Makeup Artist: Chelsea Uchenna
Hair: Evalyn Denis
BTS Stills: Xavier Scott Marshall 
BTS Video: Zenzele Moore Ysaguirre

Capitol Music Group
Capitol Creative: Chase, Salomon 
Capitol Digital: Danielle Nicholson 

Dancers / Stunts / Background Wardrobe â€“
Costume Designer: Lisa Madonna
Assistant Costume Designers: Dani Dolinger, Justin Rose

Courtney & Sydneyâ€™s Wardrobe â€“
Costume Designer: Rasheeda Raines

Dancers / Background Hair & Makeup â€“
Key Makeup Artist & Key Body Painter: Nadia Reese Stone
Additional Makeup Artists & Body Painters: Laurel Charleston, Megan Dupuy, Morrisa Pena
Additional Makeup Artist: Elise Gehrke
Additional Hair Stylist: Gabriela Aceves

Dancer Agencies: BLOC, UTA, MSA, CTG, GO2

Principal Dancers: Peyton Matthias, Andrea Bess, Ardyn Flynt, Keera Kittles, Randi Moraga, Kaylin Motton, Hezekiah Anthony, Lucas Debiasi, Mariyah Hawkins, Gavin Morales, Selena Hamilton, Janae Holster, Anthony Ciaccio, Aysia Ianiero, Zachary Venegas, Rex Kline, Jakevis Thomason, Gabi Barra, Dyllan Blackburn, Jordyn Green, Kenneth Espiritu, Jalen Rashad, Anthony Curley, Dai Boyd, Hannah Winship, Hamly Tavarez, Angel Mammolitti, Robbie Olmos, Jaylen Pea, Augustine Perez

Ensemble Dancers: Shanie Blais, Shelby Davis, Nevaeh Eloi, Kailani Rae, Forest Lee, Davon Rashawn, Denna Thompson, Chaz Buzan, Ava Berstine-Mitchell, Tina Jarmusz, Sofie Loeken, Ally Waller, Alyssa Sniff, Matthew Kubitz, Austin Lee, Jaelyn Heath, Gregg Sainvilus, Kyndall Ash, Liv Battista, Dominique LaRaine, Preslee Tucker, Kyla Chaney, Ania Crist, Athena Cruz, Jordan Gaskin, Alexandria Schacter, Daniel Asamoah, Zion Harris, Seth Kai, Grayson McGuire, Phi Voba, JJ Allen, Caryn Mueller, Carlin Dixon, Rauf Yasit

Stunt Performers: Tyler Elliott, Joe Santos, Brian In, LK Lavecchia

Background: Marquise Smith, Martyrs Smith, Sara Salazar, Andrea Salazar, Katie Molloy, Emma Molloy, Olga Fridman, Yulia Maleko

Medics: Heidi Rodriguez, Krisztina Barabas

Production Assistants: John Bonin, Donovan Watson, Patrick Wirth, Omar Gutierrez, Luther Sartor, Joseph Steven Huegel, Cameron Robson, Jonathan Davis, Jhovanny Esparza, Daved Olivencia, Danny Mullen, Anthony Vega, Julio Almaguer, Matt Dulberg, Jeffrey Petro, Dylan Myers, Julie Nyznik, Julian Domingues, Bella Soto

Matmen: Alfredo Papadaki

Post â€“
Post Producer: Sammy McEntire

VFX Supervisor: Ryan Zum Mallen
VFX Producer: Damian Giampietro
VFX Creative Director: Sammy McEntire
Compositors: Victor Velasco & Diana Iatsenko
QC: Dena Zum Mallen
On-Set VFX Supervisor: Ben Kadie
Additional VFX Cleanup: Paume Post Production
Sound Design: Adam Carl

Color House: Company 3
Color Producer: Mario Castro

Special Thanks: Sony, Kodak, Panavision, Amanda Sasaki, Calvert Studios, Image Locations",IamdoechiiVEVO,2025-04-18T15:00:06Z,6440912,434571,23582,https://www.youtube.com/watch?v=riCP9x31Kuk,2025-04-22 22:06:12.302112
IC8KsZniulw,THE GASLIGHT DISTRICT: PILOT,"The Gaslight District is a gothic crime drama following an undead family who cheat, lie and, steal their way to survival long after the world has ended. 
HELP US GREENLIGHT A FULL SEASON! Consider getting some LIMITED EDITION MERCH: https://gaslightdistrict.store

Created by â€ª@part_time_seagull (Nick Szopko) and the amazing GLITCH Team",GLITCH,2025-04-18T22:00:06Z,7868978,655181,40117,https://www.youtube.com/watch?v=IC8KsZniulw,2025-04-22 22:06:12.302112
MI9ZpIKgyf0,Ed Sheeran - Azizam (Official Music Video),"'Azizam' out now: https://es.lnk.to/azizamYC

More from Azizam: https://www.youtube.com/playlist?list=PLjp0AEEJ0-fHPcd8kayQGMdKv5mppM0QH

Subscribe to Ed's channel: http://bit.ly/SubscribeToEdSheeran

Follow Ed on...
Instagram: http://instagram.com/teddysphotos
TikTok: https://www.tiktok.com/@edsheeran
Facebook: http://www.facebook.com/EdSheeranMusic
Twitter: http://twitter.com/edsheeran
Discord: http://discord.gg/edsheeran
Official Website: http://edsheeran.com

Credits
Written and Directed by: Saman Kesh @saman_kesh
https://www.samankesh.com
Commissioner: Dan Curwin @dancurwin
Producer: Nicole Powell @nicolepow
Production Company: 42 Branded @42_branded
Executive Producers: Otis Bell @otisob1 and Clancie Brennan @clancie_brennan
Director of Photography: Kaname Onoyama @kaname.onoyama
Additâ€™l Cinematography (LA): Omer Ganai @omerganai
Choreographer: Charlie Mayhew @charliemayhew_
1st AD: James Amos
PM: Guy Fuhrer @guyfuhrer (UK) / Bria Wentzel @freetobria (LA)
Production Designer: Ricky Eyres @echoartists
Ed Sheeran Styling &amp; Grooming: Liberty Shaw @libertyshaw_stylist
Ed Sheeran Styling: Hilary Owen @hilary_owenstylist
Food Stylists: Hami Sharafi @igotitfrommymaman Tanya Sadourian @tanyasadourian
Costume Designer: Natalie Humphries @echoartists
Additional Styling (LA): @rachel_olsonn
Makeup and Hair Lead: Ameneh Mahloudji
Casting: @lanecastinguk @charliemayhew_
Editor: Emma Blackman / Cartel @ecblackman @cartel.tv
VFX: Territory Studio @territorystudio
Sound: Aaron Taffel @aarontaffel
Colourist: Luke Morrison / ETC @thehux @electrictheatrecollective6082 

Starring:
Googoosh @googoosh
Andy @andymusic1
Omid Djalili @omiddjalili
Shervin Alenabi @shervinalenabi
Eyelar @eyelarx
Ilya Salmanzadeh @ilya_music

--
Azizam Lyrics:

Azizam
Meet me on the floor tonight
Show me how to move like the water
In between the dancing lights
Be mine be mine
Azizam

I wanna be nowhere but here with you now
I wanna be one in this space
I wanna be tangled and wrapped in your cloud
I wanna be close to your face

Well tomorrow can wait
Losing time in this place
Till the sun is awake
Be like a magnet on me

I donâ€™t care what they say
We can do it our way
And if loveâ€™s just a game
Then come and play

Azizam
Meet me on the floor tonight
Show me how to move like the water
In between the dancing lights
Be mine be mine
Azizam

Azizam
Azizam

I wanna get lost in your ocean and drown
I wanna be careless and free
I wanna live here in the moment we found
I wanna be all that you see

Well tomorrow can wait
Losing time in this place
Till the sun is awake
Be like a magnet on me

I donâ€™t care what they say
We can do it our way
And if loveâ€™s just a game
Then come and play

Azizam
Meet me on the floor tonight
Show me how to move like the water
In between the dancing lights
Be mine be mine
Azizam

Azizam
Meet me on the floor tonight
Show me how to move like the water
In between the dancing lights
Be mine be mine
Azizam

Azizam
Azizam
Azizam",Ed Sheeran,2025-04-17T16:00:06Z,7226481,104084,27471,https://www.youtube.com/watch?v=MI9ZpIKgyf0,2025-04-22 22:06:12.302112
xT62iECIUdI,Kolja Goldstein - HHHK/ Linesky (Official Music Video),"Die neue Single ""HHHK/ Lineskyâ€œ von Kolja Goldstein! 

Â» â€HHHK/ Lineskyâ€œ jetzt auf allen Plattformen streamen: https://umg.lnk.to/HHHKLinesky

Â»â€Kouwe Ouweâ€œ Album Box exklusiv vorbestellen: https://koljashop.com/

Â» Kolja Goldstein auf Instagram
https://www.instagram.com/goldstein_kolja/

Â» Kolja Goldstein auf TikTok
https://www.tiktok.com/@officialgoldsteinkolja

Â» â€HHHK/ Lineskyâ€œ produced by Chryziz, SOTT  

Â» Directed by Moonstarmedia 
Â» Edit: Moonstarmedia 
 
#koljagoldstein #hhhklinesky #musicvideo",Kolja Goldstein,2025-04-17T21:59:06Z,252555,11226,526,https://www.youtube.com/watch?v=xT62iECIUdI,2025-04-22 22:06:12.302112
l06O6eja0xc,Hamburger SV: Ist der Aufstieg wieder in Gefahr?!,"Es ist die beste 2. Liga der Welt, und der Dino ist der Hamburger SV. Kein anderer Verein ist so lange ununterbrochen vertreten wie die Hanseaten, die schon seit einer gefÃ¼hlten Ewigkeit (6 1/2 Jahre) feststecken. Jetzt ist die Chance wahrscheinlich so groÃŸ wie noch nie zuvor, endlich den Aufstieg zu packen. Grund genug, um auf die aktuelle Lage des HSV zu blicken. Seit Merlin Polzin das Traineramt Ã¼bernommen hat, geht es stetig bergauf: Der Ballbesitz-FuÃŸball entwickelt sich weiter, er ist variabler als der Walter-Ball. Die FÃ¼hrungsqualitÃ¤t von ihm scheint auch deutlich besser zu sein als die unter Baumgart, immerhin blÃ¼hen die Spieler nun auf. Aber: Wie hoch muss man die Niederlage gegen Eintracht Braunschweig gewichten? Es schwebt die nÃ¤chste Krise Ã¼ber den KÃ¶pfen des HSV... nun geht es darum, MentalitÃ¤t zu zeigen. 

0:00 - Intro
0:55 - Trainerwechsel: Was Polzin besser macht!
6:30 - Taktik-VerÃ¤nderung... die neuen Prinzipien! 
14:23 - Teamgeist & Kaderbreite... der SchlÃ¼ssel zum Aufstieg?
20:46 - HSV-Aufstieg... wie realistisch ist es?

#HamburgerSV #Bundesliga #HSV 
----
Hier sind meine Social-KanÃ¤le:
https://www.instagram.com/manu_thiele
----
WICHTIG: Die Trikots, die in den Videos getragen werden, spiegeln nicht meine Sympathien wider. Es dient lediglich dazu, das aktuelle Thema zu untermalen.",Manu Thiele,2025-04-18T11:59:21Z,96986,3712,376,https://www.youtube.com/watch?v=l06O6eja0xc,2025-04-22 22:06:12.302112
72JAdIvNrPk,ALEYNA â€“ KEÃ‡A KURDAN (Official Video),"â–º â€KEÃ‡A KURDANâ€œ Hier Streamen: 

https://push.fm/ps/kecekurdan

Folgt Aleyna hier:
ğŸ“¸ Instagram: https://www.instagram.com/aleynaveyron444
ğŸµ TikTok: https://www.tiktok.com/@aleynaveyron

ğŸ§ https://open.spotify.com/artist/0WXrsO14KxqB7TjONjptZp?si=XFnnYfHoT5aFnEfGJ6YINQ

 PRODUCTION: 
CAID, MASRI , BTM SOUNDZ

Video: 
Eine MonkeyFilms Produktion

DIRECTED, DOP & EDITED by
Emin Simsek



Contact: 
info@spotlightagency.de",Aleyna Veyron,2025-04-17T21:59:06Z,133281,8652,735,https://www.youtube.com/watch?v=72JAdIvNrPk,2025-04-22 22:06:12.302112
tXH4eLMWVWg,"""Was ist eigentlich mit Alexa und dir?""","Olakala App: http://app.olakala.de/
Zur MCI Fitness App: https://mci.sng.link/Dlusp/xy9v?_smty

letztes Video â†’ https://youtu.be/vxiIegY5qp0?si=WYHJsVYMgyhXbarC",InscopeLifestyle,2025-04-22T16:01:31Z,409407,43472,1384,https://www.youtube.com/watch?v=tXH4eLMWVWg,2025-04-23 12:59:12.884569
jeRIMSWCl_Y,Konyaspor 1-5 Galatasaray | MAÃ‡ Ã–ZETÄ° | Ziraat TÃ¼rkiye KupasÄ± YarÄ± Final MaÃ§Ä± | 22.04.2025,"Turkuvaz Medya'nÄ±n futbolseverler ile buluÅŸturduÄŸu Ziraat TÃ¼rkiye KupasÄ±'nda yarÄ± final heyecanÄ± TÃ¼mosan Konyaspor-Galatasaray mÃ¼cadelesi ile sÃ¼rdÃ¼.

SarÄ± kÄ±rmÄ±zÄ±lÄ±lar, mÃ¼cadeleyi 5-1 kazanarak adÄ±nÄ± finale yazdÄ±ran ilk takÄ±m oldu.

Dakika 25'de Victor Osimhen, 42'de Lucas Torreira ile fileleri havalandÄ±ran Cimbom ilk yarÄ±yÄ± 2-0 Ã¶nde kapattÄ±.

Ä°kinci yarÄ±nÄ±n 47. dakikasÄ±nda Sallai ile farkÄ± 3'e Ã§Ä±karan sarÄ± kÄ±rmÄ±zÄ±lÄ±lara TÃ¼mosan Konyaspor'da Pedrinho cevap verdi ve dakika 53'te fark yeniden 2'ye dÃ¼ÅŸtÃ¼.

55. dakikada Rolland Sallai fileleri bir kez daha havalandÄ±rarak farkÄ± yeniden 3'e Ã§Ä±kardÄ±.

90+1'de Yusuf Demir'in golÃ¼ ile Galatasaray 5-1 Ã¶ne geÃ§ti ve bu gol ile birlikte skor belirlendi.

Youtube'da A Spor CanlÄ± YayÄ±nÄ± Ä°zlemek Ä°Ã§in
https://www.youtube.com/live/7uBpwcn2ZZ0

A Spor'da bir gÃ¼n nasÄ±l yaÅŸanÄ±yor?
https://youtu.be/-cz2oHNg4x0

#Aspor #CanlÄ± #TÃ¼rkiyeKupasÄ±",A Spor,2025-04-22T20:09:32Z,1020393,14734,1279,https://www.youtube.com/watch?v=jeRIMSWCl_Y,2025-04-23 12:59:12.884569
wFJ3PZuAjK4,The Elder Scrolls IV: Oblivion Remastered - Official Trailer,"Explore Cyrodiil like never before in The Elder Scrolls IV: Oblivion Remastered, available now on Xbox Series X|S, Game Pass, PlayStation 5 and PC. 

The Elder Scrolls IV: Oblivionâ„¢ Remastered modernizes the 2006 Game of the Year with all new stunning visuals and refined gameplay. Explore the vast landscape of Cyrodiil like never before and stop the forces of Oblivion from overtaking the land in one of the greatest RPGs ever from the award-winning Bethesda Game Studios. 

For more information about The Elder Scrolls, please visit https://elderscrolls.com or follow us on social media: 
Instagram: https://www.instagram.com/elderscrolls/  
Twitter/X: https://x.com/elderscrolls  
Facebook: https://www.facebook.com/ElderScrolls  
Bluesky: https://bsky.app/profile/elderscrolls.bethesdastudios.com  
Discord: http://discord.gg/BethesdaStudios 

ESRB RATING: Mature with Violence, Blood and Gore and Sexual Themes.",Bethesda Softworks,2025-04-22T15:15:03Z,2211118,117444,12907,https://www.youtube.com/watch?v=wFJ3PZuAjK4,2025-04-23 12:59:12.884569
Ed_E2crglcw,The Elder Scrolls IV: Oblivion Remastered - Full Reveal Stream,The Elder Scrolls IV: Oblivion Remastered is here! Experience the beloved classic with a modern look and refined suite of features and updates.   Previously Broadcast.,Bethesda Softworks,2025-04-22T16:20:19Z,2584606,130806,3844,https://www.youtube.com/watch?v=Ed_E2crglcw,2025-04-23 12:59:12.884569
kk5cymSWmqo,The Elder Scrolls IV: Oblivion Remastered - Official Reveal,"The Elder Scrolls IV: Oblivion Remastered is here! Experience the beloved classic with a modern look and refined suite of features and updates.   

Bethesda Game Studiosâ€™ foundational open world role-playing game set the stage for nearly everything they have accomplished in the years since. Now Remastered, returning players and newcomers alike can experience the iconic RPG with a breathtaking new look.â€¯Get an in-depth look at all of the refinements in Oblivion Remastered, from visuals to gameplay and more.  

For more information about The Elder Scrolls, please visit https://elderscrolls.com or follow us on social media: 
Instagram: https://www.instagram.com/elderscrolls/  
Twitter/X: https://x.com/elderscrolls  
Facebook: https://www.facebook.com/ElderScrolls  
Bluesky: https://bsky.app/profile/elderscrolls.bethesdastudios.com  
Discord: http://discord.gg/BethesdaStudios 

ESRB RATING: Mature with Violence, Blood and Gore and Sexual Themes.",Bethesda Softworks,2025-04-22T15:19:22Z,1878666,101261,14384,https://www.youtube.com/watch?v=kk5cymSWmqo,2025-04-23 12:59:12.884569
D60aIr-9XWI,Michael Patrick Kelly - The One (Official Video),"Michael Patrick Kelly â€“ The One (Official Video)

â–º Listen to ""The One"" here: 
https://followthetraces.com/theone

â–º Pre-Order and Pre-Save ""Traces"" here: 
https://followthetraces.com

Music & Lyrics: Michael Patrick Kelly, Andrew Jackson, Duck Blackwell 
Producer: Daniel Flamm, Johannes Herbst, Michael Ilbert, Michael Patrick Kelly  
Recorded at Air Studios & Hoxa London UK & Hansa Mixing Room Berlin, Germany
Mastering: Randy Merrill / Sterling Sound New York
(P) 2025 COLUMBIA a division of Sony Music Entertainment Germany GmbH
Publisher: Sony Music Publishing (Germany) GmbH / These Are Songs of Pulse (PRS/ASCAP)

Video credits:
Directed by Marvin StrÃ¶ter
DoP, edit, drone & additional production: Marvin StrÃ¶ter
Art direction: Michael Patrick Kelly
Production: Harald Pauly, Selina Schmucker
Hair & make up: Angelique Kamuf
Set assistance & BTS footage: Celina Rabanus
Still photography & assistance: Shanti Tan
Actress: Leia Holtwick
Special thanks to: Kerstin StrÃ¶ter, Felix Weidmann, Eric ""Ees"" Sell, Hein van Zijl, Horst Wegener
Production company: WEVAME International SLU in cooperation with Wupperwerft GmbH

------------------------------------------------

â–º Subscribe to the channel: https://www.youtube.com/channel/UCQi4uByRctz-XsG4ZtUpwow?sub_confirmation=1

â–º Get Bâ€¢Oâ€¢Aâ€¢Tâ€¢S here: 
https://MichaelPatrickKelly.lnk.to/BOATS

------------------------------------------------
 
â–º Want more content? 
""Blurry Eyes"": https://youtu.be/OrIraDLbNMA
""Throwback"": https://youtu.be/df0clrrRTcI
""Beautiful Madness"": https://youtu.be/t_eCNMMyL_Y
""Roundabouts"": https://youtu.be/o3PGTfqKUuM
""Et VoilÃ "": https://youtu.be/RpDKdNeXhJU
 
â–º Visit Michael Patrick Kelly here: 
https://www.michael-patrick-kelly.com
https://followthetraces.com
https://www.facebook.com/michael.patrick.kelly.official
https://www.instagram.com/michael.patrick.kelly.official/
https://www.tiktok.com/@michael_patrick_kelly
https://twitter.com/MPK_official",Michael Patrick Kelly,2025-04-22T16:30:08Z,25499,3629,377,https://www.youtube.com/watch?v=D60aIr-9XWI,2025-04-23 12:59:12.884569
CF_1py1maEQ,Highlights! | NUNES FIRES INJURY TIME WINNER AS CITY MOVE UP TO THIRD | City 2-1 Aston Villa,"Matheus Nunes scored a dramatic 94th-minute winner as City secured a crucial three points in the race for the Champions League with a 2-1 win over Aston Villa.

SUBSCRIBE! http://www.youtube.com/subscription_center?add_user=mancity

http://www.mancity.com
http://www.facebook.com/mancity
http://www.twitter.com/mancity
http://www.instagram.com/mancity
https://www.tiktok.com/@mancity

About the Official Man City YouTube Channel:

Here you will find all the latest videos from Manchester City, including, all Premier League, Champions League, FA Cup and League Cup goals, highlights, behind-the-scenes footage, training and much more.

Get closer to the likes of Jack Grealish, Bunny Shaw, Kevin De Bruyne, Lauren Hemp, Erling Haaland, JoÅ¡ko Gvardiol, Phil Foden, Vivianne Miedema and the rest of Pep Guardiola & Nick Cushing's teams!",Man City,2025-04-22T23:00:11Z,1039070,25293,800,https://www.youtube.com/watch?v=CF_1py1maEQ,2025-04-23 12:59:12.884569
rOxHxDDTKcs,FC Barcelona - Mallorca | LaLiga | DAZN Highlights,"Der TabellenfÃ¼hrer der Primera Division empfÃ¤ngt am 33. Spieltag RCD Mallorca. 

Spielverlauf:  
1:0 D. Olmo (46.) 

Die Highlights aus der KÃ¶nigsklasse siehst du hier: https://www.youtube.com/@DAZNUEFAChampionsLeague #ucl 

Die besten Highlights aus dem internationalen FuÃŸball siehst du hier: https://www.youtube.com/@DAZNFussball #laliga #seriea #ligue1 #dfbpokal 

+++ Ãœber diesen Link registrieren und DAZN kostenlos nutzen: bit.ly/DAZNforFree +++

â–ºHier geht's zu DAZN: http://bit.ly/DAZNerleben
â–ºDas Programm von DAZN: https://www.dazn.com/de-DE/schedule
â–ºDAZN auch auf Facebook: https://bit.ly/2lUGipo

+++ Die besten Highlights aus allen Wettbewerben auf YouTube +++
â–ºDAZN UEFA Champions League auf YouTube abonnieren: https://bit.ly/DAZNUEFAChampionsLeague
â–ºDAZN Darts auf YouTube abonnieren: https://bit.ly/DARTZN
â–ºDAZN Fightclub auf YouTube abonnieren: https://bit.ly/DAZNFightclub

DAZN ist die Heimat des FuÃŸballs. Nur auf DAZN sehen Fans die besten Wettbewerbe an einem Ort: Die UEFA Champions League, die FIFA Klub-WM 2025â„¢, die Bundesliga ab 2025/26 erstmalig inkl. der legendÃ¤ren Konferenz sowie die besten internationalen Ligen mit LALIGA, Serie A und Ligue 1. DarÃ¼ber hinaus bietet nur DAZN fÃ¼r alle Fans auch neben dem FuÃŸball das breiteste und beste Angebot an Spitzensport, u.a. den besten US-Sport mit der NFL und NBA, Handball mit der EHF Champions League und EHF European League, Darts mit der PDC, die DP World Tour und die LIV Golf Tour im Golf oder Kampfsport mit der UFC, PFL und den grÃ¶ÃŸten BoxkÃ¤mpfen â€“ alles an einem Ort, nur auf DAZN.
 
ERLEBE DEINEN SPORT LIVE UND AUF ABRUF. AUF ALLEN GERÃ„TEN.
 
+++ Ãœber DAZN +++
 
DAZN ist ein Livesport-Streamingdienst, der es Fans erlaubt, Sport so zu erleben, wie sie es mÃ¶chten. Egal ob live zu Hause, unterwegs, zeitversetzt oder im RÃ¼ckblick, DAZN bietet Ã¼ber 8.000 SportÃ¼bertragungen pro Jahr und beinhaltet damit das umfangreichste Sportangebot, das es jemals bei einem einzelnen Anbieter gegeben hat.
 
Impressum:
https://help.dazn.com/hc/de-de/articles/16422027760029-Impressum",DAZN FuÃŸball,2025-04-22T21:43:05Z,181433,6161,325,https://www.youtube.com/watch?v=rOxHxDDTKcs,2025-04-23 12:59:12.884569
REYF3QFVHVc,mgk - Come Pick Me Up (Cover),"mgk - Come Pick Me Up (Cover)

Directed by: Sam Cahill

Follow mgk:
http://twitter.com/machinegunkelly
http://instagram.com/machinegunkelly
https://tiktok.com/@mgk
http://facebook.com/machinegunkelly
http://MachineGunKelly.lnk.to/newsletter
http://machinegunkelly.com

#mgk #comepickmeup #cover",mgk,2025-04-22T18:05:16Z,261958,24565,2603,https://www.youtube.com/watch?v=REYF3QFVHVc,2025-04-23 12:59:12.884569
k4utXKvOpYM,Watch the Destiny 2: The Edge of Fate Reveal on May 6 at 9 AM PT.,"The unknown beckons.Â 

Join us on May 6, 2025, at 9 AM PT as we reveal The Edge of Fate and the upcoming year of Destiny 2.Â 

ğŸ’œ https://twitch.tv/bungieÂ Â 
â¤ï¸ https://youtube.com/@destinythegame/streamsÂ Â 
ğŸ–¤ https://tiktok.com/@destinythegameÂ Â 

FOLLOW DESTINY:
Facebook: https://www.facebook.com/DestinyTheGame
Twitter: https://www.twitter.com/destinythegame
Instagram: https://www.instagram.com/destinythegame
Discord: http://www.discord.gg/destinygame

FOLLOW BUNGIE:
Facebook: https://www.facebook.com/Bungie/
Twitter: https://www.twitter.com/bungie
Instagram: https://www.instagram.com/bungie/
â € â € â € â €
Dive into the free-to-play world of Destiny 2 to experience responsive first-person shooter combat, explore the mysteries of our solar system, and unleash elemental abilities against powerful enemies. Create your Guardian and collect unique weapons, armor, and gear to customize your look and playstyle. Experience Destiny 2â€™s cinematic story alone or with friends, join other Guardians for challenging co-op missions, or compete against them in a variety of PvP modes.",Destiny 2,2025-04-22T15:01:12Z,214078,7940,970,https://www.youtube.com/watch?v=k4utXKvOpYM,2025-04-23 12:59:12.884569
OIuG1bBkfs0,"Itâ€™s Our Birthday, Letâ€™s Party","Câ€™mon, we had to. If youâ€™ve ever posted, commented on, liked, or just watched a video on YouTube in the last 20 years, then this oneâ€™s for you.

Featuring:
@AjQ2891 
@AmauryGuichonChef 
@AmeliaDimoldenberg 
@AndreSchnura 
@AnnoyingOrange 
@AyaNakamura
@BGT 
@billwurtz 
@BobTheDragQueen 
@bodo_wartke 
@BretmanRock 
@brockharlem9275 
@BroskiReport 
@casey 
@ChappellRoan 
@Chuntzit 
@ClubShayShay 
@ColinandSamir 
@CorridorCrew 
@CoryxKenshin 
@DELRECORDS 
@DeviceOrchestra 
@dualipa 
@dudeperfect 
@EderKFCard 
@EdSheeran 
@emmachamberlain 
@EurovisionSongContest 
@FDSignifire 
@felipeneto 
@FelixColgrave 
@FirstWeFeast 
@GameTheory 
@GibiASMR 
@GrantHorvatGolfs 
@gremlita 
@HandOfBlood 
@HomeFreeGuys 
@howridiculous 
@HYBELABELS 
@inaheartbeatanimatedshortf3320 
@IShowSpeed 
@jackieaina 
@jaidenanimations 
@justinbieber 
@kanepixels 
@KatyPerry 
@kendricklamar 
@leagueoflegends 
@liamkylesullivan 
@ludwig 
@luisfonsi 
@majedalesa 
@markiplier 
@MarkRober 
@MikeSalcedo 
@MissouriQuiltCo 
@MissRemiAshten 
@MrBeast 
@mythicalkitchen 
@NickDiGiovanni 
@nikkietutorials 
@officialcharlixcx 
@officialpsy 
@PamelaRf1 
@PIKOTARO 
@Pinkfong 
@portadosfundos 
@Ranboo 
@RazeOfficial 
@recesstherapy 
@RockstarGames 
@RosannaPansino 
@roses_are_rosie 
@ryan 
@safiya 
@sam2cha 
@shilohandbros 
@Sidemen 
@smosh 
@SomeGoodNews 
@SpindleHorse 
@StokesTwins 
@SusyMouriz 
@TaylorSwift 
@tayzonday 
@tessaviolet 
@TheLateLateShow 
@theslowmoguys 
@TomScottGo 
@TravisScottXX 
@troyesivan 
@WarnerMusicBrasil 
@WelvenDaGreat 
@ZHCYT 
@ziwe 
@bbcnews
@agt 

#youtube20 #rickroll",YouTube,2025-04-22T10:00:40Z,884655,65033,17166,https://www.youtube.com/watch?v=OIuG1bBkfs0,2025-04-23 12:59:12.884569
