{"detail":"Datei nicht gefunden"}7498795650323090710,BOMBOOOOCLAAAAAT,norman_patzek,136594763520098304,3600000,764600,8952,33800000,https://v16-webapp-prime.tiktok.com/video/tos/no1a/tos-no1a-ve-0068c001-no/o8ogQRvEADERageEKEtBfFvhLFkMJIQERREDGg/?a=1988&bti=ODszNWYuMDE6&ch=0&cr=3&dr=0&lr=all&cd=0%7C0%7C0%7C&cv=1&br=4508&bt=2254&cs=0&ds=3&ft=-Csk_mgdPD12NtXOph-Uxd.5hY3W3wv25icAp&mime_type=video_mp4&qs=0&rc=OGQ0ZDxmZjxpOjg8ZmY5NEBpanE5NWo5cmxrMzMzbzczNUAvLjZfNV9iNjYxM18zXzFeYSNmbi1lMmRjMjVhLS1kMTFzcw%3D%3D&btag=e000b0000&expire=1746360768&l=20250502121238914BD651D268EB8BBF99&ply_type=2&policy=2&signature=280db3e0d3000834b1001b857219659f&tk=tt_chain_token,1745949420
7497359780516760863,What play was your favorite? ü§îüëá #nba #basketball ,jinx.nba,7387087231481857066,2400000,61900,3219,49600000,https://v16-webapp-prime.tiktok.com/video/tos/maliva/tos-maliva-ve-0068c799-us/oMQgQXyIADEJSAXjyexCfFT0iIq8YIAljfFi3g/?a=1988&bti=ODszNWYuMDE6&ch=0&cr=3&dr=0&lr=all&cd=0%7C0%7C0%7C&cv=1&br=4638&bt=2319&cs=0&ds=3&ft=-Csk_mgdPD12NtXOph-Uxd.5hY3W3wv25icAp&mime_type=video_mp4&qs=0&rc=O2ZpOzw4O2lmZjUzZDQ3aUBpanM3O3Q5cjl5MzMzaTczNEAuLzQxXzJhXmMxNDYtYWAtYSNgZi82MmQ0ZTJhLS1kMTJzcw%3D%3D&btag=e00090000&expire=1746360821&l=20250502121238914BD651D268EB8BBF99&ply_type=2&policy=2&signature=f750277f6c3e74efe4bf7a0c8fc3120a&tk=tt_chain_token,1745615133
7489427780397010198,#imapoliceofficer #tensheet #foryou #viral #fyppppppppppp #tonbirdge ,backwheelbandit69,7416366442453632032,4600000,315500,12600,45600000,https://v16-webapp-prime.tiktok.com/video/tos/no1a/tos-no1a-ve-0068-no/oAE47nIgkMAFyE8y74Rqp7fIErD5FBCEfQvnNv/?a=1988&bti=ODszNWYuMDE6&ch=0&cr=3&dr=0&lr=all&cd=0%7C0%7C0%7C&cv=1&br=2320&bt=1160&cs=0&ds=3&ft=-Csk_mgdPD12NtXOph-Uxd.5hY3W3wv25icAp&mime_type=video_mp4&qs=0&rc=OzY0ZzQ4Zjw3OzhmO2Q0Z0BpM2RrPG45cnN2eTMzbzczNUBjMjMxYC0tX2IxXjA2NDMwYSNtczBnMmRzaWtgLS1kMTFzcw%3D%3D&btag=e000b8000&expire=1746360773&l=20250502121238914BD651D268EB8BBF99&ply_type=2&policy=2&signature=00668b5cc5b8b880864d0bf0fb182deb&tk=tt_chain_token,1743768297
7499137291915447574,C'est la routine dans cette classe. ü§£ #motivation #motivationalvideo #motivationmentalit√© #respect #conseil #goodvibes #inspiration #le√ßon #le√ßondevie #morale #badass #fun #funny #drole #marrant ,crossthememory,7200505953069171717,712600,92800,3051,7700000,,1746028967
7499214342836030728,WAKE UP IT‚ÄôS THE FIRST OF THE MONTH | #fyp #foryou #oorsz #trending #xyzbca #firstofthemonth ,oorsz,6792924891080508421,4000000,2300000,29600,21000000,https://v16-webapp-prime.tiktok.com/video/tos/alisg/tos-alisg-pve-0037c001/oQodjRb0DEE80S0eA6FQ4yj1eCfGQBDIEsAkIJ/?a=1988&bti=ODszNWYuMDE6&ch=0&cr=3&dr=0&lr=all&cd=0%7C0%7C0%7C&cv=1&br=2420&bt=1210&cs=0&ds=3&ft=-Csk_mgdPD12NtXOph-Uxd.5hY3W3wv25icAp&mime_type=video_mp4&qs=0&rc=N2Y5OThnOTM4OWhpaTM4NUBpM3h1N3Q5cmc7MzMzODczNEAwXzYuYTFhXzExMzVeMWIxYSNubmVhMmRjczZhLS1kMWBzcw%3D%3D&btag=e000b0000&expire=1746360770&l=20250502121238914BD651D268EB8BBF99&ply_type=2&policy=2&signature=b79895603c002d0a8f0d5808b52a3550&tk=tt_chain_token,1746046912
7491288690967235862,don‚Äôt worry bro it happens even to the best of us üôèüò≠ #brainrot #meme #skeleton #skills #yildiz #juventus ,juventus,6797419884781634565,2300000,424000,5439,13400000,https://v16-webapp-prime.tiktok.com/video/tos/no1a/tos-no1a-ve-0068c001-no/o8in2jCzfAB0CNQPi05ZnIZAyr2vEF6KC36wIB/?a=1988&bti=ODszNWYuMDE6&ch=0&cr=3&dr=0&lr=all&cd=0%7C0%7C0%7C&cv=1&br=1554&bt=777&cs=0&ds=3&ft=-Csk_mgdPD12NtXOph-Uxd.5hY3W3wv25icAp&mime_type=video_mp4&qs=0&rc=PGQ4NWdnaWhpZTo7Zmk2NUBpM2dleG45cmo5eTMzbzczNUBfXjVgYF4wX2AxLi0uNTRjYSNxNWNvMmRrYm9gLS1kMTFzcw%3D%3D&btag=e000b0000&expire=1746360769&l=20250502121238914BD651D268EB8BBF99&ply_type=2&policy=2&signature=ec669dc9b3ad0d468326886beac0c284&tk=tt_chain_token,1744201574
7497616695800990998,Ganz wichtig‚ÄºÔ∏è #nrgmusik ,nrg_musik,6638256463083421702,176800,17600,3064,3000000,,1745674926
7496313101076139310,Mini Morgan Freeman is coming!#morganfreeman #oscarwinner #hollywood #hollywoodlegend #actor #movies #shawshankredemption #qatar2022 ,claydollartist1,7147498025184330798,919500,50200,15000,31600000,https://v16-webapp-prime.tiktok.com/video/tos/maliva/tos-maliva-ve-0068c799-us/oo1SIQiBdQp50OuIBQBAE9B2IS0waAYCMBiWfT/?a=1988&bti=ODszNWYuMDE6&ch=0&cr=3&dr=0&lr=all&cd=0%7C0%7C0%7C&cv=1&br=1760&bt=880&cs=0&ds=3&ft=-Csk_mgdPD12NtXOph-Uxd.5hY3W3wv25icAp&mime_type=video_mp4&qs=0&rc=OmZmZjVnODU6PDNoOGgzZkBpM2hzN3A5cnY2MzMzZzczNEAzLWNhXmIzXjExNDUxNDZiYSM1MS82MmRzcTFhLS1kMS9zcw%3D%3D&btag=e00090000&expire=1746360875&l=20250502121238914BD651D268EB8BBF99&ply_type=2&policy=2&signature=c91eaa5a9eac563778c3eb7398a0dcf0&tk=tt_chain_token,1745371428
7499211754631695638,Part.2 √áa se passe pas comme pr√©vu ü§£ merci Polaro√Ød üò≠üòÇ #pourtoii #radar #drole #fyp #viral_video #tik_tok #polaroid #30anslaboiserie ,rudy.tck,6791831961955582982,608900,35200,1462,6100000,,1746046304
7493655072073665799,#CapCut ÿ£ŸÜÿß ÿ¥Ÿàÿ±Ÿä ÿπŸÑŸâ ÿßŸÑÿ≤ŸÑŸÖ Ÿäÿµÿ®ÿ≠ ŸÇÿ±ÿßÿ± üñ§üí´üåô#ÿ≠ÿ∑_ÿµŸàÿ±ÿ™ŸÉüòÖüëåüèª #ŸÇÿßŸÑÿ®_ÿ¨ÿßŸáÿ≤_ŸÜÿßÿ±üî• üñ§üí´#ŸÇŸàÿßŸÑÿ®_ŸÉÿßÿ®_ŸÉÿßÿ™_ÿ¨ÿßŸáÿ≤Ÿá_ŸÑŸÑÿ™ÿµŸÖŸäŸÖ #ÿßŸÑÿ¥ÿπÿ®_ÿßŸÑÿµŸäŸÜŸä_ŸÖÿßŸÑŸá_ÿ≠ŸÑüòÇüòÇ #fyp  . .. ... .... ..... ...... ....... #ÿ¨ŸÄŸÜÿ±ÿ¢ÿ¢ŸÑ #ÿ™ÿ±ŸÜÿØ_ÿ¥ÿßÿ¥Ÿá_ÿ≥ŸàÿØÿßÿ°_üôã‚ù§ #fyppppppppppppppppppppppp ,af517af,7491014137871631377,79800,2504,483,3100000,https://v16-webapp-prime.tiktok.com/video/tos/alisg/tos-alisg-pve-0037c001/oYEfjrAAApBvxgzzPlZ0ae4kf0YXYVngif6fze/?a=1988&bti=ODszNWYuMDE6&ch=0&cr=3&dr=0&lr=all&cd=0%7C0%7C0%7C&cv=1&br=538&bt=269&cs=0&ds=3&ft=-Csk_mgdPD12NtXOph-Uxd.5hY3W3wv25icAp&mime_type=video_mp4&qs=0&rc=cnF8b2hsc2d3SkBwaHIxaDFybndmOzk7N2VpNzQ1NmU4aTQ3ZEBpM3BpbXc5cmxmeTMzODczNEBjRl5Nc3FePmJKYSNvYF90aHFmOiMtMGFiYjAxXzAxNjFjMzAtYSNnbGZpMmRrcnNgLS1kMTFzcw%3D%3D&btag=e000b8000&expire=1746360774&l=20250502121238914BD651D268EB8BBF99&ply_type=2&policy=2&signature=214700242f3dff73dcba1319716cb243&tk=tt_chain_token,1744752550
7498500559360527662,a little brown never made me frown,clayandjordy,7458868796482323499,4200000,670000,10400,27600000,https://v16-webapp-prime.tiktok.com/video/tos/maliva/tos-maliva-ve-0068c799-us/oIQoIQxIAGIteAkBIBgCeLpehHkRpErhjAI9oQ/?a=1988&bti=ODszNWYuMDE6&ch=0&cr=3&dr=0&lr=all&cd=0%7C0%7C0%7C&cv=1&br=3160&bt=1580&cs=0&ds=3&ft=-Csk_mgdPD12NtXOph-Uxd.5hY3W3wv25icAp&mime_type=video_mp4&qs=0&rc=ZzpmNDRpODc6NzM1OWQzOkBpM2t1Z3k5cmczMzMzZzczNEAvNjIzYWBfX2MxYzI2Xi0vYSMxcWM1MmQ0NTVhLS1kMS9zcw%3D%3D&btag=e000b0000&expire=1746360767&l=20250502121238914BD651D268EB8BBF99&ply_type=2&policy=2&signature=1b0042ae09a26e24d9038a0459171d1e&tk=tt_chain_token,1745880723
7489463680103501078,#willimiti #fyp #g√∂nnfy ,willimiti,6978125087917507590,327600,140600,3519,5000000,,1743776656
7496176557543787798,2025 Zusammengefasst‚Ä¶üò≥üò≠ Was fehlt noch?üòÇ#marvintsp ,marvintsp,6791810736476095493,583800,87800,2726,4000000,,1745339618
7482796216863018271,Pizza Is Just BETTER,d0ughjoe,6627560851330334726,7700000,584500,67100,74500000,https://v16-webapp-prime.tiktok.com/video/tos/maliva/tos-maliva-ve-0068c799-us/oQAiQ8UYVMzEfAYE37BBSIzcq7OIi2iAHgdCoo/?a=1988&bti=ODszNWYuMDE6&ch=0&cr=3&dr=0&lr=all&cd=0%7C0%7C0%7C&cv=1&br=3182&bt=1591&cs=0&ds=3&ft=-Csk_mgdPD12NtXOph-Uxd.5hY3W3wv25icAp&mime_type=video_mp4&qs=0&rc=MzVlZWQ8OWZoaDdnNjY7N0BpM25vZHE5cnM2eTMzaTczNEAxMTVgNi4yNS4xLmNgXzAvYSNoMTAzMmRzamBgLS1kMTJzcw%3D%3D&btag=e000b8000&expire=1746360780&l=20250502121238914BD651D268EB8BBF99&ply_type=2&policy=2&signature=7560920d5afa8674583924211121e3dc&tk=tt_chain_token,1742224312
7469609124985326894,THEY NOT LIKE US (pt. 1) #KendrickLamar #AppleMusicHalftime #SuperBowl @Apple Music @Roc Nation ,nfl,6634193109470593029,6500000,234900,31900,66800000,https://v16-webapp-prime.tiktok.com/video/tos/maliva/tos-maliva-ve-0068c799-us/oYlhHZiEPlY6iAbiKBB5ig4BmQUKpSYAExguI/?a=1988&bti=ODszNWYuMDE6&ch=0&cr=3&dr=0&lr=all&cd=0%7C0%7C0%7C&cv=1&br=3384&bt=1692&cs=0&ds=3&ft=-Csk_mgdPD12NtXOph-Uxd.5hY3W3wv25icAp&mime_type=video_mp4&qs=0&rc=aDo6MzQ4NmhnODZlM2czNUBpM2g3c3M5cjRweDMzZzczNEAxXmAxNWMvX2MxLS9iXi81YSNgY2pkMmQ0MWhgLS1kMS9zcw%3D%3D&btag=e00088000&expire=1746360809&l=20250502121238914BD651D268EB8BBF99&ply_type=2&policy=2&signature=ed254cce01e64c15043ee106a607a66b&tk=tt_chain_token,1739153936
7497184581569793302,üò≤ MAGIC REVEALED!  ,stevecarlintv,6745456374622422022,96300,5173,457,7600000,,1745574316
7496972647381650694,,andrii23_11,7011113381148509189,196100,211500,1947,11300000,https://v16-webapp-prime.tiktok.com/video/tos/useast2a/tos-useast2a-pve-0068/okEvJBREIBAf0EAKQokQ7ofaJBFjkwCDpckNop/?a=1988&bti=ODszNWYuMDE6&ch=0&cr=3&dr=0&lr=all&cd=0%7C0%7C0%7C&cv=1&br=3490&bt=1745&cs=0&ds=3&ft=-Csk_mgdPD12NtXOph-Uxd.5hY3W3wv25icAp&mime_type=video_mp4&qs=0&rc=OjtmOzU6aDg1ZDNkNzQ4Z0BpMzc4eG45cm08MzMzNzczM0AuNWAvMGExXy8xMjVeNS8xYSNoaW1zMmRjZTJhLS1kMTZzcw%3D%3D&btag=e000b0000&expire=1746360766&l=20250502121238914BD651D268EB8BBF99&ply_type=2&policy=2&signature=83d1f1c71399f935d3f6ac8d74df7b45&tk=tt_chain_token,1745524974
7487522419373083926,Bei welchem Clip musstest du grinsen?ü§£ü§£üî•,comedy.heroo,27483218,309800,62000,1399,10100000,,1743324669
7482463696774761730,#panathinaikos #pao #gate13 #dpg #‚òòÔ∏è‚ò†Ô∏è‚òòÔ∏è ,.pit13_,7155817838882669574,42000,4797,1158,721800,,1742146843
7499180503635938582,sorry this isn‚Äôt funny. if anyone wants to donate me clothes i‚Äôd appreciate it x #fyp #foryoupage #housefire #fire ,poppycooperr,6869047703524557829,1300000,107600,5090,7600000,,1746039028
7498153793322781957,,anderson_oliveiraa_,6890637994711172097,33100,756,187,4200000,https://v16-webapp-prime.tiktok.com/video/tos/useast2a/tos-useast2a-pve-0068/o0zlpgOCoYBPjRkdB3FEQqDVEDARveqIQJfmJs/?a=1988&bti=ODszNWYuMDE6&ch=0&cr=3&dr=0&lr=all&cd=0%7C0%7C0%7C&cv=1&br=1962&bt=981&cs=0&ds=3&ft=-Csk_mgdPD12NtXOph-Uxd.5hY3W3wv25icAp&mime_type=video_mp4&qs=0&rc=M2U5PDY6ZzppNTpkOzQ1PEBpajs8aHU5cjhmMzMzNzczM0BfLzEuYmAwNS8xMDVfLjJeYSNkM2JmMmRjaTRhLS1kMTZzcw%3D%3D&btag=e00090000&expire=1746360820&l=20250502121238914BD651D268EB8BBF99&ply_type=2&policy=2&signature=94784f4c40b3833dabdab6d015af8ede&tk=tt_chain_token,1745799980
7497677779564121350,,markcannatarofilms,6818086151069942789,22300000,7800000,222600,209100000,https://v16-webapp-prime.tiktok.com/video/tos/useast2a/tos-useast2a-ve-0068c002/oEkAFRJT0BgAMfjaMeIgELNRGFRGUAekqgewgS/?a=1988&bti=ODszNWYuMDE6&ch=0&cr=3&dr=0&lr=all&cd=0%7C0%7C0%7C&cv=1&br=3356&bt=1678&cs=0&ds=3&ft=-Csk_mgdPD12NtXOph-Uxd.5hY3W3wv25icAp&mime_type=video_mp4&qs=0&rc=NztlOmlnODk3Z2k7NmRmM0Bpajdkamo5cmxrMzMzNzczM0BfLjEtNWBfXy4xMzBjNmMwYSNlZG1eMmRjYzNhLS1kMTZzcw%3D%3D&btag=e000b0000&expire=1746360770&l=20250502121238914BD651D268EB8BBF99&ply_type=2&policy=2&signature=f3088d00ccaf82af7d7b948791114532&tk=tt_chain_token,1745689150
7497319469899943190,gelernt ist gelernt #fyy ,dachdeckerin_chiara,6844903152543958022,56100,608,1773,3000000,,1745605721
7478297427645140246,Raphinha crazy goal ü§Øü•µ #UCL #BenficavsBarcelona,championsleague,6941075248162931717,2600000,63800,7838,36000000,https://v16-webapp-prime.tiktok.com/video/tos/no1a/tos-no1a-ve-0068c001-no/oQEAA8e3MLcPXJIIvgQfHggfkDIR3I4ALEj0kA/?a=1988&bti=ODszNWYuMDE6&ch=0&cr=3&dr=0&lr=all&cd=0%7C0%7C0%7C&cv=1&br=2528&bt=1264&cs=0&ds=3&ft=-Csk_mgdPD12NtXOph-Uxd.5hY3W3wv25icAp&mime_type=video_mp4&qs=0&rc=cnF8b2hsc2d3SkBwaHIxaDFybndmaWVpZDVoaDppOmc5Z2g5Z0BpMzo3aXM5cjg2eTMzbzczNUBjRl5Nc3FePmJKYSNvYF90aHFmOiM0XjA1YGFiNTExMmIxYC1fYSNlYmtjMmRzbTFgLS1kMTFzcw%3D%3D&btag=e000b0000&expire=1746360765&l=20250502121238914BD651D268EB8BBF99&ply_type=2&policy=2&signature=92e135993a88893db5006193e445d6af&tk=tt_chain_token,1741176810
7499178369544621334,,zah1de_kyc,6836358130437211142,738500,8726,6573,6500000,,1746038530
7498432786823417110,#palermo #sabatosera ,sebylabarbera5,6831281638615483397,68200,1811,433,3300000,,1745864936
7482412775692635397,FIFA STREET?üáßüá∑ estilo brasileiro ,arthurzinnv,7113702377895592965,3900000,272900,18800,50900000,https://v16-webapp-prime.tiktok.com/video/tos/useast2a/tos-useast2a-pve-0068/o8YQvCfEBgr3Pf9SgECtjeABOxItFSIRD83b3W/?a=1988&bti=ODszNWYuMDE6&ch=0&cr=3&dr=0&lr=all&cd=0%7C0%7C0%7C&cv=1&br=3804&bt=1902&cs=0&ds=3&ft=-Csk_mgdPD12NtXOph-Uxd.5hY3W3wv25icAp&mime_type=video_mp4&qs=0&rc=NTZmNGVoOWc4O2RkNGY0OkBpamk4OXg5cmlneTMzNzczM0A2YmFiNC4zNl4xNV4yLV4uYSNycTI1MmRzb19gLS1kMTZzcw%3D%3D&btag=e00090000&expire=1746360820&l=20250502121238914BD651D268EB8BBF99&ply_type=2&policy=2&signature=55f8199f5e8a85692d6a10f1e1cee30d&tk=tt_chain_token,1742134987
7497649600971574551,Does it suit him?ü§î#keepitbsset #bsset ,mosbarbers1,6895671750135694342,241700,1930,3008,4300000,https://v16-webapp-prime.tiktok.com/video/tos/no1a/tos-no1a-ve-0068c001-no/oscFH9oENkLDABgAgskMPfE1FEARMQDfIZrqPI/?a=1988&bti=ODszNWYuMDE6&ch=0&cr=3&dr=0&lr=all&cd=0%7C0%7C0%7C&cv=1&br=2118&bt=1059&cs=0&ds=3&ft=-Csk_mgdPD12NtXOph-Uxd.5hY3W3wv25icAp&mime_type=video_mp4&qs=0&rc=ODxnOzw2NDxlZTQ5aTdoNUBpamU1PHk5cnVpMzMzbzczNUAuYC00Yy9hX2AxNWBfYS5iYSNgajFpMmQ0cjNhLS1kMTFzcw%3D%3D&btag=e00090000&expire=1746360875&l=20250502121238914BD651D268EB8BBF99&ply_type=2&policy=2&signature=5188383a56f8a4834374dcbea5a61f2c&tk=tt_chain_token,1745682586
7495077983057661206,,newmartina,160979307433955328,4300000,70900,32600,63400000,https://v16-webapp-prime.tiktok.com/video/tos/no1a/tos-no1a-ve-0068c001-no/oEBkPr1YodBEBi1d2ApsEPPiZ30oBQaQUDEIA/?a=1988&bti=ODszNWYuMDE6&ch=0&cr=3&dr=0&lr=all&cd=0%7C0%7C0%7C&cv=1&br=2564&bt=1282&cs=0&ds=3&ft=-Csk_mgdPD12NtXOph-Uxd.5hY3W3wv25icAp&mime_type=video_mp4&qs=0&rc=NzpoNzY2aDtkODk7ZzM4Z0BpMzRrdG85cjx3MzMzbzczNUA1LjRfXy8wNWAxNTY0MGAzYSNuLTJuMmQ0by5hLS1kMTFzcw%3D%3D&btag=e00090000&expire=1746360887&l=20250502121238914BD651D268EB8BBF99&ply_type=2&policy=2&signature=fa5cd9b1147dcf3bb01cdfec5e956fec&tk=tt_chain_token,1745083834
7498795650323090710,BOMBOOOOCLAAAAAT,norman_patzek,136594763520098304,3600000,764600,8952,33800000,https://v16-webapp-prime.tiktok.com/video/tos/no1a/tos-no1a-ve-0068c001-no/o8ogQRvEADERageEKEtBfFvhLFkMJIQERREDGg/?a=1988&bti=ODszNWYuMDE6&ch=0&cr=3&dr=0&lr=all&cd=0%7C0%7C0%7C&cv=1&br=4508&bt=2254&cs=0&ds=3&ft=-Csk_mgdPD12NAXOph-Uxf15hY3W3wv25XcAp&mime_type=video_mp4&qs=0&rc=OGQ0ZDxmZjxpOjg8ZmY5NEBpanE5NWo5cmxrMzMzbzczNUAvLjZfNV9iNjYxM18zXzFeYSNmbi1lMmRjMjVhLS1kMTFzcw%3D%3D&btag=e000b0000&expire=1746360769&l=2025050212123984CAD6D43321F28740D4&ply_type=2&policy=2&signature=c7d9fb84535223eb1289413cc2976c50&tk=tt_chain_token,1745949420
7499214342836030728,WAKE UP IT‚ÄôS THE FIRST OF THE MONTH | #fyp #foryou #oorsz #trending #xyzbca #firstofthemonth ,oorsz,6792924891080508421,4000000,2300000,29600,21000000,https://v16-webapp-prime.tiktok.com/video/tos/alisg/tos-alisg-pve-0037c001/oQodjRb0DEE80S0eA6FQ4yj1eCfGQBDIEsAkIJ/?a=1988&bti=ODszNWYuMDE6&ch=0&cr=3&dr=0&lr=all&cd=0%7C0%7C0%7C&cv=1&br=2420&bt=1210&cs=0&ds=3&ft=-Csk_mgdPD12NAXOph-Uxf15hY3W3wv25XcAp&mime_type=video_mp4&qs=0&rc=cnF8b2hsc2d3SkBwaHIxaDFybndmN2Y5OThnOTM4OWhpaTM4NUBpM3h1N3Q5cmc7MzMzODczNEBjRl5Nc3FePmJKYSNvYF90aHFmOiMwXzYuYTFhXzExMzVeMWIxYSNubmVhMmRjczZhLS1kMWBzcw%3D%3D&btag=e000b0000&expire=1746360771&l=2025050212123984CAD6D43321F28740D4&ply_type=2&policy=2&signature=2df242be52163b408c5596652b8e41f7&tk=tt_chain_token,1746046912
7489427780397010198,#imapoliceofficer #tensheet #foryou #viral #fyppppppppppp #tonbirdge ,backwheelbandit69,7416366442453632032,4600000,315500,12600,45600000,https://v16-webapp-prime.tiktok.com/video/tos/no1a/tos-no1a-ve-0068-no/oAE47nIgkMAFyE8y74Rqp7fIErD5FBCEfQvnNv/?a=1988&bti=ODszNWYuMDE6&ch=0&cr=3&dr=0&lr=all&cd=0%7C0%7C0%7C&cv=1&br=2320&bt=1160&cs=0&ds=3&ft=-Csk_mgdPD12NAXOph-Uxf15hY3W3wv25XcAp&mime_type=video_mp4&qs=0&rc=OzY0ZzQ4Zjw3OzhmO2Q0Z0BpM2RrPG45cnN2eTMzbzczNUBjMjMxYC0tX2IxXjA2NDMwYSNtczBnMmRzaWtgLS1kMTFzcw%3D%3D&btag=e000b8000&expire=1746360774&l=2025050212123984CAD6D43321F28740D4&ply_type=2&policy=2&signature=af0afba0bd1e1283a3ae78479a7bee80&tk=tt_chain_token,1743768297
7496100191896980758,Transformation üî• @Tibo Inshape Nutrition @ShapeYou ,tiboinshape,6540890075335496719,143200,2226,1017,2200000,,1745321838
7497616695800990998,Ganz wichtig‚ÄºÔ∏è #nrgmusik ,nrg_musik,6638256463083421702,176800,17600,3064,3000000,,1745674926
7488330891874569473,When teamwork makes it worse  #meghan #spaghetti #withlovemeghan #netflix #cooking #cookingshow #youtube #comedy #fyp #bestfriends ,getdownwithsandm,6938538754265728002,454100,232900,4492,10400000,https://v16-webapp-prime.tiktok.com/video/tos/alisg/tos-alisg-pve-0037c001/oAFBoDUQuQFeDlNfIAoXRoPT4njJ1AgeEIXCgs/?a=1988&bti=ODszNWYuMDE6&ch=0&cr=3&dr=0&lr=all&cd=0%7C0%7C0%7C&cv=1&br=2296&bt=1148&cs=0&ds=3&ft=-Csk_mgdPD12NAXOph-Uxf15hY3W3wv25XcAp&mime_type=video_mp4&qs=0&rc=NGg4ZmQ0PDs3PGQ0OzM4ZkBpajVoZG45cjZ4eTMzODczNEA2Y2I1Xl40X18xLl80NDY2YSNvNjItMmRjXmlgLS1kMTFzcw%3D%3D&btag=e00088000&expire=1746360819&l=2025050212123984CAD6D43321F28740D4&ply_type=2&policy=2&signature=83c9e6682507d951800090c738d653b3&tk=tt_chain_token,1743512926
7487522419373083926,Bei welchem Clip musstest du grinsen?ü§£ü§£üî•,comedy.heroo,27483218,309800,62000,1399,10100000,,1743324669
7493655072073665799,#CapCut ÿ£ŸÜÿß ÿ¥Ÿàÿ±Ÿä ÿπŸÑŸâ ÿßŸÑÿ≤ŸÑŸÖ Ÿäÿµÿ®ÿ≠ ŸÇÿ±ÿßÿ± üñ§üí´üåô#ÿ≠ÿ∑_ÿµŸàÿ±ÿ™ŸÉüòÖüëåüèª #ŸÇÿßŸÑÿ®_ÿ¨ÿßŸáÿ≤_ŸÜÿßÿ±üî• üñ§üí´#ŸÇŸàÿßŸÑÿ®_ŸÉÿßÿ®_ŸÉÿßÿ™_ÿ¨ÿßŸáÿ≤Ÿá_ŸÑŸÑÿ™ÿµŸÖŸäŸÖ #ÿßŸÑÿ¥ÿπÿ®_ÿßŸÑÿµŸäŸÜŸä_ŸÖÿßŸÑŸá_ÿ≠ŸÑüòÇüòÇ #fyp  . .. ... .... ..... ...... ....... #ÿ¨ŸÄŸÜÿ±ÿ¢ÿ¢ŸÑ #ÿ™ÿ±ŸÜÿØ_ÿ¥ÿßÿ¥Ÿá_ÿ≥ŸàÿØÿßÿ°_üôã‚ù§ #fyppppppppppppppppppppppp ,af517af,7491014137871631377,79800,2504,483,3100000,https://v16-webapp-prime.tiktok.com/video/tos/alisg/tos-alisg-pve-0037c001/oYEfjrAAApBvxgzzPlZ0ae4kf0YXYVngif6fze/?a=1988&bti=ODszNWYuMDE6&ch=0&cr=3&dr=0&lr=all&cd=0%7C0%7C0%7C&cv=1&br=538&bt=269&cs=0&ds=3&ft=-Csk_mgdPD12NAXOph-Uxf15hY3W3wv25XcAp&mime_type=video_mp4&qs=0&rc=cnF8b2hsc2d3SkBwaHIxaDFybndmOzk7N2VpNzQ1NmU4aTQ3ZEBpM3BpbXc5cmxmeTMzODczNEBjRl5Nc3FePmJKYSNvYF90aHFmOiMtMGFiYjAxXzAxNjFjMzAtYSNnbGZpMmRrcnNgLS1kMTFzcw%3D%3D&btag=e000b8000&expire=1746360775&l=2025050212123984CAD6D43321F28740D4&ply_type=2&policy=2&signature=a1e685ce68c6b27547771088c7ac9907&tk=tt_chain_token,1744752550
7482796216863018271,Pizza Is Just BETTER,d0ughjoe,6627560851330334726,7700000,584500,67100,74500000,https://v16-webapp-prime.tiktok.com/video/tos/maliva/tos-maliva-ve-0068c799-us/oQAiQ8UYVMzEfAYE37BBSIzcq7OIi2iAHgdCoo/?a=1988&bti=ODszNWYuMDE6&ch=0&cr=3&dr=0&lr=all&cd=0%7C0%7C0%7C&cv=1&br=3182&bt=1591&cs=0&ds=3&ft=-Csk_mgdPD12NAXOph-Uxf15hY3W3wv25XcAp&mime_type=video_mp4&qs=0&rc=MzVlZWQ8OWZoaDdnNjY7N0BpM25vZHE5cnM2eTMzaTczNEAxMTVgNi4yNS4xLmNgXzAvYSNoMTAzMmRzamBgLS1kMTJzcw%3D%3D&btag=e000b8000&expire=1746360781&l=2025050212123984CAD6D43321F28740D4&ply_type=2&policy=2&signature=6d64240b766d3a661194cf8029023112&tk=tt_chain_token,1742224312
7497738827071524118,Die T√ºr ist zu Habibi #trend #hopecore #alan #hopelesscore #f√ºrdich ,boost.motivationx,7310365982026974241,86300,21400,385,1000000,,1745703361
7498500559360527662,a little brown never made me frown,clayandjordy,7458868796482323499,4200000,670000,10400,27600000,https://v16-webapp-prime.tiktok.com/video/tos/maliva/tos-maliva-ve-0068c799-us/oIQoIQxIAGIteAkBIBgCeLpehHkRpErhjAI9oQ/?a=1988&bti=ODszNWYuMDE6&ch=0&cr=3&dr=0&lr=all&cd=0%7C0%7C0%7C&cv=1&br=3160&bt=1580&cs=0&ds=3&ft=-Csk_mgdPD12NAXOph-Uxf15hY3W3wv25XcAp&mime_type=video_mp4&qs=0&rc=ZzpmNDRpODc6NzM1OWQzOkBpM2t1Z3k5cmczMzMzZzczNEAvNjIzYWBfX2MxYzI2Xi0vYSMxcWM1MmQ0NTVhLS1kMS9zcw%3D%3D&btag=e000b0000&expire=1746360768&l=2025050212123984CAD6D43321F28740D4&ply_type=2&policy=2&signature=77565c29ac026d007898b5a6b2db35f9&tk=tt_chain_token,1745880723
7497319469899943190,gelernt ist gelernt #fyy ,dachdeckerin_chiara,6844903152543958022,56100,608,1773,3000000,,1745605721
7495083129800068383,playboi carti | #playboicarti #carti #edit #fyp #fy #foryoupage #viral ,s0rvex,7486195239943537707,226400,15800,446,1300000,https://v16-webapp-prime.tiktok.com/video/tos/maliva/tos-maliva-ve-0068c799-us/o4aQBBAcP6BKipgIBiD1gR4BEj4EAPiA4VZYm/?a=1988&bti=ODszNWYuMDE6&ch=0&cr=3&dr=0&lr=all&cd=0%7C0%7C0%7C&cv=1&br=1884&bt=942&cs=0&ds=3&ft=-Csk_mgdPD12NAXOph-Uxf15hY3W3wv25XcAp&mime_type=video_mp4&qs=0&rc=M2RmODNmNmgzZ2dnZ2RnZUBpanM1eHI5cnJ4MzMzaTczNEBiLi4vMi0yXi4xMDE0MS9gYSMtM2huMmQ0MS5hLS1kMTJzcw%3D%3D&btag=e000b0000&expire=1746360773&l=2025050212123984CAD6D43321F28740D4&ply_type=2&policy=2&signature=aa4dbc6865b3442127485f22bcc2e984&tk=tt_chain_token,1745085062
7472779684124675350,Ronaldo‚Äôs reaction üíÄü§£ #UCL ,championsleague,6941075248162931717,483600,4060,1852,5000000,https://v16-webapp-prime.tiktok.com/video/tos/no1a/tos-no1a-ve-0068-no/ogkDkCBfEuPgIZFgnb4AKpKfvR8RBNEt0QFJbR/?a=1988&bti=ODszNWYuMDE6&ch=0&cr=3&dr=0&lr=all&cd=0%7C0%7C0%7C&cv=1&br=2490&bt=1245&cs=0&ds=3&ft=-Csk_mgdPD12NAXOph-Uxf15hY3W3wv25XcAp&mime_type=video_mp4&qs=0&rc=Nzw8NzdpaDY8NjdpaWlpPEBpM3ZudXg5cm1keDMzbzczNUA2YjY0XzYtNjMxMS9jX2FiYSM2ZWBfMmRjNW5gLS1kMTFzcw%3D%3D&btag=e000b0000&expire=1746360769&l=2025050212123984CAD6D43321F28740D4&ply_type=2&policy=2&signature=c48ce59cdb09f17d2b2f12866c5a3cd8&tk=tt_chain_token,1739892111
7498448898898464046,Wooo! üèÜ #italianbrainrot #tiktokgames #tungtungtung #joyblznartooni ,joyblznartooni,6983528412091515906,5200000,1900000,38500,50900000,,1745868701
7496313101076139310,Mini Morgan Freeman is coming!#morganfreeman #oscarwinner #hollywood #hollywoodlegend #actor #movies #shawshankredemption #qatar2022 ,claydollartist1,7147498025184330798,919500,50200,15000,31600000,https://v16-webapp-prime.tiktok.com/video/tos/maliva/tos-maliva-ve-0068c799-us/oo1SIQiBdQp50OuIBQBAE9B2IS0waAYCMBiWfT/?a=1988&bti=ODszNWYuMDE6&ch=0&cr=3&dr=0&lr=all&cd=0%7C0%7C0%7C&cv=1&br=1760&bt=880&cs=0&ds=3&ft=-Csk_mgdPD12NAXOph-Uxf15hY3W3wv25XcAp&mime_type=video_mp4&qs=0&rc=OmZmZjVnODU6PDNoOGgzZkBpM2hzN3A5cnY2MzMzZzczNEAzLWNhXmIzXjExNDUxNDZiYSM1MS82MmRzcTFhLS1kMS9zcw%3D%3D&btag=e00090000&expire=1746360876&l=2025050212123984CAD6D43321F28740D4&ply_type=2&policy=2&signature=11ee68fe2cae5843ef8fbd8c34dde69c&tk=tt_chain_token,1745371428
7486133953825344790,#willimiti #fyp #g√∂nnfy ,willimiti,6978125087917507590,861700,328500,7029,10700000,,1743001391
7499178369544621334,,zah1de_kyc,6836358130437211142,738500,8726,6573,6500000,,1746038530
7496176557543787798,2025 Zusammengefasst‚Ä¶üò≥üò≠ Was fehlt noch?üòÇ#marvintsp ,marvintsp,6791810736476095493,583800,87800,2726,4000000,,1745339618
7498432786823417110,#palermo #sabatosera ,sebylabarbera5,6831281638615483397,68200,1811,433,3300000,,1745864936
,,,,,,,,,0
7496972647381650694,,andrii23_11,7011113381148509189,196100,211500,1947,11300000,https://v16-webapp-prime.tiktok.com/video/tos/useast2a/tos-useast2a-pve-0068/okEvJBREIBAf0EAKQokQ7ofaJBFjkwCDpckNop/?a=1988&bti=ODszNWYuMDE6&ch=0&cr=3&dr=0&lr=all&cd=0%7C0%7C0%7C&cv=1&br=3490&bt=1745&cs=0&ds=3&ft=-Csk_mgdPD12NAXOph-Uxf15hY3W3wv25XcAp&mime_type=video_mp4&qs=0&rc=cnF8b2hsc2d3SkBwaHIxaDFybndmOjtmOzU6aDg1ZDNkNzQ4Z0BpMzc4eG45cm08MzMzNzczM0BjRl5Nc3FePmJKYSNvYF90aHFmOiMuNWAvMGExXy8xMjVeNS8xYSNoaW1zMmRjZTJhLS1kMTZzcw%3D%3D&btag=e000b0000&expire=1746360767&l=2025050212123984CAD6D43321F28740D4&ply_type=2&policy=2&signature=ea2696e9ac8b504556507b6615aba282&tk=tt_chain_token,1745524974
7482412775692635397,FIFA STREET?üáßüá∑ estilo brasileiro ,arthurzinnv,7113702377895592965,3900000,272900,18800,50900000,https://v16-webapp-prime.tiktok.com/video/tos/useast2a/tos-useast2a-pve-0068/o8YQvCfEBgr3Pf9SgECtjeABOxItFSIRD83b3W/?a=1988&bti=ODszNWYuMDE6&ch=0&cr=3&dr=0&lr=all&cd=0%7C0%7C0%7C&cv=1&br=3804&bt=1902&cs=0&ds=3&ft=-Csk_mgdPD12NAXOph-Uxf15hY3W3wv25XcAp&mime_type=video_mp4&qs=0&rc=NTZmNGVoOWc4O2RkNGY0OkBpamk4OXg5cmlneTMzNzczM0A2YmFiNC4zNl4xNV4yLV4uYSNycTI1MmRzb19gLS1kMTZzcw%3D%3D&btag=e00090000&expire=1746360821&l=2025050212123984CAD6D43321F28740D4&ply_type=2&policy=2&signature=2b90507e1f57dbdf0a06c22c2dbcb410&tk=tt_chain_token,1742134987
7497649600971574551,Does it suit him?ü§î#keepitbsset #bsset ,mosbarbers1,6895671750135694342,241700,1930,3008,4300000,https://v16-webapp-prime.tiktok.com/video/tos/no1a/tos-no1a-ve-0068c001-no/oscFH9oENkLDABgAgskMPfE1FEARMQDfIZrqPI/?a=1988&bti=ODszNWYuMDE6&ch=0&cr=3&dr=0&lr=all&cd=0%7C0%7C0%7C&cv=1&br=2118&bt=1059&cs=0&ds=3&ft=-Csk_mgdPD12NAXOph-Uxf15hY3W3wv25XcAp&mime_type=video_mp4&qs=0&rc=ODxnOzw2NDxlZTQ5aTdoNUBpamU1PHk5cnVpMzMzbzczNUAuYC00Yy9hX2AxNWBfYS5iYSNgajFpMmQ0cjNhLS1kMTFzcw%3D%3D&btag=e00090000&expire=1746360876&l=2025050212123984CAD6D43321F28740D4&ply_type=2&policy=2&signature=893fef5987b5a5d8777b6b246dec8351&tk=tt_chain_token,1745682586
7498731432794180907,Can‚Äôt believe tomorrow could be the last game of LeBrons career #lebronjames #lakers #heat #cavs #playoffs #nba #viral #kobyfrr #foryoupage ,kobyfrr,7200970595712959530,892400,86800,3468,5300000,https://v16-webapp-prime.tiktok.com/video/tos/maliva/tos-maliva-ve-0068c799-us/oUmoEQDvIDBEDcoAfEAgEzlFHNQZdeEhJoyRS2/?a=1988&bti=ODszNWYuMDE6&ch=0&cr=3&dr=0&lr=all&cd=0%7C0%7C0%7C&cv=1&br=1586&bt=793&cs=0&ds=3&ft=-Csk_mgdPD12NAXOph-Uxf15hY3W3wv25XcAp&mime_type=video_mp4&qs=0&rc=NjNpPDQ4NWU5Z2Y0NzZpOkBpMzVpbm45cnBnMzMzZzczNEBhYl5gYV81NjExYmJeNWMzYSNjY2xgMmRjZDVhLS1kMS9zcw%3D%3D&btag=e00088000&expire=1746360797&l=2025050212123984CAD6D43321F28740D4&ply_type=2&policy=2&signature=029eb8e64797cac710845a1288e8b07e&tk=tt_chain_token,1745934484
7493851564277271830,@Jordanalmani @Semih Jackson #semih #jordan #jordangoat #beststreamer #bestcouple #fyp #fypp ,memes_deutschland8,7430135775070635041,107600,29500,2121,1100000,,1744798288
7499211754631695638,Part.2 √áa se passe pas comme pr√©vu ü§£ merci Polaro√Ød üò≠üòÇ #pourtoii #radar #drole #fyp #viral_video #tik_tok #polaroid #30anslaboiserie ,rudy.tck,6791831961955582982,608900,35200,1462,6100000,,1746046304
7480554806155742466,Unbelievable 84 Bottles üçæ Game #viralvideos #challenge #amazing ,ibrahimfayyaz54,7473130345366897697,1700000,42500,14400,126100000,https://v16-webapp-prime.tiktok.com/video/tos/no1a/tos-no1a-ve-0068c001-no/ocII3oDeNXYUADIWfPTdj2AYdQga8L4MRgiue7/?a=1988&bti=ODszNWYuMDE6&ch=0&cr=3&dr=0&lr=all&cd=0%7C0%7C0%7C&cv=1&br=3988&bt=1994&cs=0&ds=3&ft=-Csk_mgdPD12NAXOph-Uxf15hY3W3wv25XcAp&mime_type=video_mp4&qs=0&rc=Mzw3ZTk4PDRpM2c3OjRmOkBpamh5dXQ5cmU3eTMzbzczNUAvNi9eLzQtXi0xMTFfMTQvYSMvYGtgMmRrNDVgLS1kMTFzcw%3D%3D&btag=e00098000&expire=1746360982&l=2025050212123984CAD6D43321F28740D4&ply_type=2&policy=2&signature=ed7c770339092a1e7d020091bff82da2&tk=tt_chain_token,1741702397
7497184581569793302,üò≤ MAGIC REVEALED!  ,stevecarlintv,6745456374622422022,96300,5173,457,7600000,,1745574316
7489212670894263557,#fyp #foryoupage #viral_video #funny #fyp„Ç∑„Çö #humor #tiktokviral #pourtoi #trendingvideo ,fansdetacu,6743715188849607685,93900,20400,2115,8100000,https://v16-webapp-prime.tiktok.com/video/tos/useast2a/tos-useast2a-ve-0068c003/owWfvAM1AKJQQeof8iAAiSVX1AepBxaeq20MID/?a=1988&bti=ODszNWYuMDE6&ch=0&cr=3&dr=0&lr=all&cd=0%7C0%7C0%7C&cv=1&br=3846&bt=1923&cs=0&ds=3&ft=-Csk_mgdPD12NAXOph-Uxf15hY3W3wv25XcAp&mime_type=video_mp4&qs=0&rc=OTQ2NWZpOTNpMzVkODg8NkBpM2V0O3c5cm9qeTMzNzczM0BeMGE0Yl8vNjExMzAzNmAtYSNfcWowMmQ0NGtgLS1kMTZzcw%3D%3D&btag=e000b0000&expire=1746360768&l=2025050212123984CAD6D43321F28740D4&ply_type=2&policy=2&signature=9b6bfa6823d51882269631c0c885d15d&tk=tt_chain_token,1743718212
7496530196468714774,The Italian Brainrot Song 3 üó£Ô∏è A Brainrot Movie üé•üß† Tragic Tragic Tragic #tralalerotralala üíø Song created by myself ! #tralalero #brrbrrpatapim #bombini #bombardinocrocodino #italianbrainrot #tungtungtung #tungtungtungsahur #trippitroppa #capucinoassasino  #brainrotsong #spionirogolubiro #chimpanzinibananini,br.ai.nrot,7463294111535465494,864400,389900,15400,8100000,,1745421957
7489427780397010198,#imapoliceofficer #tensheet #foryou #viral #fyppppppppppp #tonbirdge ,backwheelbandit69,7416366442453632032,4600000,315500,12600,45600000,https://v16-webapp-prime.tiktok.com/video/tos/no1a/tos-no1a-ve-0068c001-no/oEYgIq6nANrE8pknRvyBFf47gEEUIQFvUjC7fD/?a=1988&bti=ODszNWYuMDE6&ch=0&cr=3&dr=0&lr=all&cd=0%7C0%7C0%7C&cv=1&br=2036&bt=1018&cs=0&ds=3&ft=-Csk_mgdPD12N5xOph-Ux715hY3W3wv25ucAp&mime_type=video_mp4&qs=0&rc=PDM0aDY1Mzk4NWkzOWRlO0BpM2RrPG45cnN2eTMzbzczNUA2LWIyNl41XmAxXzZfL2EzYSNtczBnMmRzaWtgLS1kMTFzcw%3D%3D&btag=e000b8000&expire=1746360855&l=20250502121400E473F1DD05F88F878342&ply_type=2&policy=2&signature=72e59482d747a11b27eaeef8fd7960f3&tk=tt_chain_token,1743768297
7498448898898464046,Wooo! üèÜ #italianbrainrot #tiktokgames #tungtungtung #joyblznartooni ,joyblznartooni,6983528412091515906,5200000,1900000,38500,50900000,,1745868701
7470953748676824328,,ponciklendin,6564032831517065222,564500,495200,11000,23300000,https://webapp-sg.tiktok.com/2ac1a590b404564669314def21a6a9ce/68175a12/kmoat/mps/logo/v3/r/p/v14044g50000cun2hnfog65hpgkku9lg/9380623acbcd445d9cce2ba52d8c4590/0443631456d4b7396493df075ae57db7/mp4/main.mp4?a=1988&bti=ODszNWYuMDE6&ch=0&cr=3&dr=0&lr=all&cd=0%7C0%7C0%7C&cv=1&br=0&bt=0&cs=0&ds=3&ft=bLZkAmgdPD12N5xOph-Ux715hY3W3wv25ucAp&mime_type=video_mp4&qs=0&rc=cnF8b2hsc2d3SkBwaHIxaDFybndmMzhmZzhlaGZnN2dlZDUzNkBpajxuams5cnE1eDMzODczNEBjRl5Nc3FePmJKYSNvYF90aHFmOiM2MTUvXi9gNjIxYGAwMzU2YSNpcmhtMmRjZWtgLS1kMTFzcw%3D%3D&btag=e000b0000&definition=720p&du=10&item_id=7470953748676824328&l=20250502121400E473F1DD05F88F878342&logo_type=tiktok_celebrity&ply_type=2&policy=eyJ2bSI6MiwiY2siOiJ0dF9jaGFpbl90b2tlbiJ9&sign_params=item_id%2Cuser_text&user_text=ponciklendin,1739466975
7489423434200452374,Das Ende üòÇ  #brainrot #sketch #humor #parodie ,lee.andy,6837471524058186757,20100,1725,392,475000,,1743767284
7496313101076139310,Mini Morgan Freeman is coming!#morganfreeman #oscarwinner #hollywood #hollywoodlegend #actor #movies #shawshankredemption #qatar2022 ,claydollartist1,7147498025184330798,919500,50200,15000,31600000,https://v16-webapp-prime.tiktok.com/video/tos/maliva/tos-maliva-ve-0068c799-us/oo1SIQiBdQp50OuIBQBAE9B2IS0waAYCMBiWfT/?a=1988&bti=ODszNWYuMDE6&ch=0&cr=3&dr=0&lr=all&cd=0%7C0%7C0%7C&cv=1&br=1760&bt=880&cs=0&ds=3&ft=-Csk_mgdPD12N5xOph-Ux715hY3W3wv25ucAp&mime_type=video_mp4&qs=0&rc=OmZmZjVnODU6PDNoOGgzZkBpM2hzN3A5cnY2MzMzZzczNEAzLWNhXmIzXjExNDUxNDZiYSM1MS82MmRzcTFhLS1kMS9zcw%3D%3D&btag=e00090000&expire=1746360957&l=20250502121400E473F1DD05F88F878342&ply_type=2&policy=2&signature=3a7b7a3934ece776cefba32d1ec26c18&tk=tt_chain_token,1745371428
7493655072073665799,#CapCut ÿ£ŸÜÿß ÿ¥Ÿàÿ±Ÿä ÿπŸÑŸâ ÿßŸÑÿ≤ŸÑŸÖ Ÿäÿµÿ®ÿ≠ ŸÇÿ±ÿßÿ± üñ§üí´üåô#ÿ≠ÿ∑_ÿµŸàÿ±ÿ™ŸÉüòÖüëåüèª #ŸÇÿßŸÑÿ®_ÿ¨ÿßŸáÿ≤_ŸÜÿßÿ±üî• üñ§üí´#ŸÇŸàÿßŸÑÿ®_ŸÉÿßÿ®_ŸÉÿßÿ™_ÿ¨ÿßŸáÿ≤Ÿá_ŸÑŸÑÿ™ÿµŸÖŸäŸÖ #ÿßŸÑÿ¥ÿπÿ®_ÿßŸÑÿµŸäŸÜŸä_ŸÖÿßŸÑŸá_ÿ≠ŸÑüòÇüòÇ #fyp  . .. ... .... ..... ...... ....... #ÿ¨ŸÄŸÜÿ±ÿ¢ÿ¢ŸÑ #ÿ™ÿ±ŸÜÿØ_ÿ¥ÿßÿ¥Ÿá_ÿ≥ŸàÿØÿßÿ°_üôã‚ù§ #fyppppppppppppppppppppppp ,af517af,7491014137871631377,79800,2504,483,3100000,https://webapp-sg.tiktok.com/12281a5d6e8fadaa6975cc948dfa24ad/68175a18/kmoat/mps/logo/v3/r/p/v14044g50000cvvcuinog65tljifomj0/b79ba3b7f9b54f439b04864d0d906568/7991e0101fd3dc5e08ca22e20ea82207/mp4/main.mp4?a=1988&bti=ODszNWYuMDE6&ch=0&cr=3&dr=0&lr=all&cd=0%7C0%7C0%7C&cv=1&br=0&bt=0&cs=0&ds=3&ft=bLZkAmgdPD12N5xOph-Ux715hY3W3wv25ucAp&mime_type=video_mp4&qs=0&rc=cnF8b2hsc2d3SkBwaHIxaDFybndmOzgzZ2c5N2U2aTg8OjZlOkBpM3BpbXc5cmxmeTMzODczNEBjRl5Nc3FePmJKYSNvYF90aHFmOiMzMzYtMTUtNjExX2NfXjZfYSNnbGZpMmRrcnNgLS1kMTFzcw%3D%3D&btag=e000b8000&definition=720p&du=15&item_id=7493655072073665799&l=20250502121400E473F1DD05F88F878342&logo_type=tiktok_creator&ply_type=2&policy=eyJ2bSI6MiwiY2siOiJ0dF9jaGFpbl90b2tlbiJ9&sign_params=item_id%2Cuser_text&user_text=af517af,1744752550
7487941276524875016,LIGHTNING || #edit #cars #viral #fyp ,hudsonfilms__,7192191009479459846,1700000,197000,4136,8200000,https://v16-webapp-prime.tiktok.com/video/tos/alisg/tos-alisg-pve-0037c001/oomnAfJTTAdkgRGtgQFs6EUDmfBb5roEBEBHVI/?a=1988&bti=ODszNWYuMDE6&ch=0&cr=3&dr=0&lr=all&cd=0%7C0%7C0%7C&cv=1&br=2696&bt=1348&cs=0&ds=3&ft=-Csk_mgdPD12N5xOph-Ux715hY3W3wv25ucAp&mime_type=video_mp4&qs=0&rc=OTpnOTtmNzg1ZGk8ZGg6NEBpM2c6amw5cnM7eTMzODczNEBfLTUzNmExNTAxYl4wXzUyYSNvbTI2MmRrMWlgLS1kMTFzcw%3D%3D&btag=e00088000&expire=1746360900&l=20250502121400E473F1DD05F88F878342&ply_type=2&policy=2&signature=fdcb04be8ee5596db49beecdc5cb224f&tk=tt_chain_token,1743422189
7494908148634111278,Andreas Munzer type of conditioning. #caikepro #openbodybuilding #bodybuilder #bodybuildingedit #bodybuilding #mrolympia #212bodybuilding #classicphysique #mensphysique #gymedit #aesthetics,bodybuildingarchive,7329271695164261422,7150,196,38,47600,https://v16-webapp-prime.tiktok.com/video/tos/maliva/tos-maliva-ve-0068c799-us/oMDTDHfJQ0O0oFGCZMfBAxSjEAEDSIggVYswhW/?a=1988&bti=ODszNWYuMDE6&ch=0&cr=3&dr=0&lr=all&cd=0%7C0%7C0%7C&cv=1&br=1814&bt=907&cs=0&ds=3&ft=-Csk_mgdPD12N5xOph-Ux715hY3W3wv25ucAp&mime_type=video_mp4&qs=0&rc=aTtlM2hkOTxoNGYzNDc2OkBpamhrcnk5cnZuMzMzZzgzNEA0NGAzMDJjNTYxNTNjMjBeYSNlZDM2MmRjMS5hLS1kLy9zcw%3D%3D&btag=e00090000&expire=1746360902&l=20250502121400E473F1DD05F88F878342&ply_type=2&policy=2&signature=e8ad5cb5002e895b9d15f398480eea19&tk=tt_chain_token,1745044356
7499137291915447574,C'est la routine dans cette classe. ü§£ #motivation #motivationalvideo #motivationmentalit√© #respect #conseil #goodvibes #inspiration #le√ßon #le√ßondevie #morale #badass #fun #funny #drole #marrant ,crossthememory,7200505953069171717,712800,92900,3052,7700000,,1746028967
7499180503635938582,sorry this isn‚Äôt funny. if anyone wants to donate me clothes i‚Äôd appreciate it x #fyp #foryoupage #housefire #fire ,poppycooperr,6869047703524557829,1300000,107700,5095,7600000,,1746039028
7477983876262923542,#fyp #viral #lehrer #sch√ºler #diskussion ,nigerianboii,6956872198070486021,434500,59800,6145,2900000,https://v16-webapp-prime.tiktok.com/video/tos/no1a/tos-no1a-ve-0068c001-no/ognZFhfDkIeQRRnEsm01vxRyHBYA2EKMFN8OEg/?a=1988&bti=ODszNWYuMDE6&ch=0&cr=3&dr=0&lr=all&cd=0%7C0%7C0%7C&cv=1&br=1274&bt=637&cs=0&ds=3&ft=-Csk_mgdPD12N5xOph-Ux715hY3W3wv25ucAp&mime_type=video_mp4&qs=0&rc=NDM3aTY8PDdlNjNpZTNmaUBpams4OXg5cjZseTMzbzczNUAvXmFfLi4zXjQxXzUzMGIzYSNuL2BqMmRrMjBgLS1kMTFzcw%3D%3D&btag=e000b0000&expire=1746360848&l=20250502121400E473F1DD05F88F878342&ply_type=2&policy=2&signature=e275a8d21b794dacf743e3f64b8d2ab8&tk=tt_chain_token,1741103803
7497359780516760863,What play was your favorite? ü§îüëá #nba #basketball ,jinx.nba,7387087231481857066,2400000,61900,3219,49600000,https://v16-webapp-prime.tiktok.com/video/tos/maliva/tos-maliva-ve-0068c799-us/oUEAAEA6mgB4vWSVSSQaBIaZGjMJjRRisZiAP/?a=1988&bti=ODszNWYuMDE6&ch=0&cr=3&dr=0&lr=all&cd=0%7C0%7C0%7C&cv=1&br=4522&bt=2261&cs=0&ds=3&ft=-Csk_mgdPD12N5xOph-Ux715hY3W3wv25ucAp&mime_type=video_mp4&qs=0&rc=aGg3Zzk6Zjg8OzQ5O2k1ZEBpanM3O3Q5cjl5MzMzaTczNEAyLS1hMDAwNTUxLTAvYTI2YSNgZi82MmQ0ZTJhLS1kMTJzcw%3D%3D&btag=e00090000&expire=1746360903&l=20250502121400E473F1DD05F88F878342&ply_type=2&policy=2&signature=4c2c5e7f47d290a3a245df690cc9b4a9&tk=tt_chain_token,1745615133
7499214342836030728,WAKE UP IT‚ÄôS THE FIRST OF THE MONTH | #fyp #foryou #oorsz #trending #xyzbca #firstofthemonth ,oorsz,6792924891080508421,4000000,2300000,29600,21000000,https://webapp-sg.tiktok.com/fbbe029815c3c5c48cc45963291ebe5f/68175a14/kmoat/mps/logo/v3/r/p/v1c044g50000d098vdfog65qd4hrquq0/16d37f848f724f37a6551d0634775c79/df7210d5fd53be10c1de2b319c4437a2/mp4/main.mp4?a=1988&bti=ODszNWYuMDE6&ch=0&cr=3&dr=0&lr=all&cd=0%7C0%7C0%7C&cv=1&br=0&bt=0&cs=0&ds=3&ft=bLZkAmgdPD12N5xOph-Ux715hY3W3wv25ucAp&mime_type=video_mp4&qs=0&rc=cnF8b2hsc2d3SkBwaHIxaDFybndmPGY6NzlnODk6aTVpN2k2OUBpM3h1N3Q5cmc7MzMzODczNEBjRl5Nc3FePmJKYSNvYF90aHFmOiM0MjQwLS4yXjAxNDU1NGEuYSNubmVhMmRjczZhLS1kMWBzcw%3D%3D&btag=e000b0000&definition=720p&du=11&item_id=7499214342836030728&l=20250502121400E473F1DD05F88F878342&logo_type=tiktok_creator&ply_type=2&policy=eyJ2bSI6MiwiY2siOiJ0dF9jaGFpbl90b2tlbiJ9&sign_params=item_id%2Cuser_text&user_text=oorsz,1746046912
7486133953825344790,#willimiti #fyp #g√∂nnfy ,willimiti,6978125087917507590,861700,328500,7029,10700000,,1743001391
7489212670894263557,#fyp #foryoupage #viral_video #funny #fyp„Ç∑„Çö #humor #tiktokviral #pourtoi #trendingvideo ,fansdetacu,6743715188849607685,94000,20400,2115,8100000,https://v16-webapp-prime.tiktok.com/video/tos/useast2a/tos-useast2a-ve-0068c001/o0LeoAIYfuKZKtaeJ0LIAeGpivAMhH0Rgae6IA/?a=1988&bti=ODszNWYuMDE6&ch=0&cr=3&dr=0&lr=all&cd=0%7C0%7C0%7C&cv=1&br=2844&bt=1422&cs=0&ds=3&ft=-Csk_mgdPD12N5xOph-Ux715hY3W3wv25ucAp&mime_type=video_mp4&qs=0&rc=ODZmPGc1Nzk2aTU8NzNkOEBpM2V0O3c5cm9qeTMzNzczM0AtMTQyYDFiNjQxMGBeYWNhYSNfcWowMmQ0NGtgLS1kMTZzcw%3D%3D&btag=e000b0000&expire=1746360849&l=20250502121400E473F1DD05F88F878342&ply_type=2&policy=2&signature=e12383ede250d725e9e31f1724e54144&tk=tt_chain_token,1743718212
7485801767972785430,And it would only last a day üòÇ #fyp #relatable ,ethan.stee1e,6800440464619291653,454700,45800,3509,5300000,https://v16-webapp-prime.tiktok.com/video/tos/no1a/tos-no1a-ve-0068-no/osPNA8jhMLfPWPvIRGQDdUgExDIRlgzAemjfHA/?a=1988&bti=ODszNWYuMDE6&ch=0&cr=3&dr=0&lr=all&cd=0%7C0%7C0%7C&cv=1&br=2122&bt=1061&cs=0&ds=3&ft=-Csk_mgdPD12N5xOph-Ux715hY3W3wv25ucAp&mime_type=video_mp4&qs=0&rc=Zjg3NDloZWdnZTM4Omk3aUBpM3JpcHE5cnRoeTMzbzczNUBhNTZfMS0zNi8xL2FeLjRgYSNwbTBoMmQ0ZWVgLS1kMTFzcw%3D%3D&btag=e000b8000&expire=1746360866&l=20250502121400E473F1DD05F88F878342&ply_type=2&policy=2&signature=a20f807b4139bd7aceea5c5412128c94&tk=tt_chain_token,1742924049
7497616695800990998,Ganz wichtig‚ÄºÔ∏è #nrgmusik ,nrg_musik,6638256463083421702,176800,17600,3065,3000000,,1745674926
7473564883695504662,Mona Lisa Motion OUT NOW on All Plattforms,zah1de_kyc,6836358130437211142,1700000,89900,29200,32400000,,1740074927
7497184581569793302,üò≤ MAGIC REVEALED!  ,stevecarlintv,6745456374622422022,96300,5177,457,7600000,,1745574316
7498500559360527662,a little brown never made me frown,clayandjordy,7458868796482323499,4200000,670100,10400,27600000,https://v16-webapp-prime.tiktok.com/video/tos/maliva/tos-maliva-ve-0068c799-us/oQe9wQhIApIxIB4QAhQEjIrL4ekN06IkHGICAe/?a=1988&bti=ODszNWYuMDE6&ch=0&cr=3&dr=0&lr=all&cd=0%7C0%7C0%7C&cv=1&br=2368&bt=1184&cs=0&ds=3&ft=-Csk_mgdPD12N5xOph-Ux715hY3W3wv25ucAp&mime_type=video_mp4&qs=0&rc=PDVnNzhoZzVoNzVkODszN0BpM2t1Z3k5cmczMzMzZzczNEAuY2JeMjYtXi4xXl9eYl9eYSMxcWM1MmQ0NTVhLS1kMS9zcw%3D%3D&btag=e000b0000&expire=1746360849&l=20250502121400E473F1DD05F88F878342&ply_type=2&policy=2&signature=6ef7001df3dcf968db45cc081cec4f19&tk=tt_chain_token,1745880723
7472779684124675350,Ronaldo‚Äôs reaction üíÄü§£ #UCL ,championsleague,6941075248162931717,483600,4060,1852,5000000,https://v16-webapp-prime.tiktok.com/video/tos/no1a/tos-no1a-ve-0068-no/ogRtDfeNEEVkEax8XQngFBt0IoRKArISmFPBlk/?a=1988&bti=ODszNWYuMDE6&ch=0&cr=3&dr=0&lr=all&cd=0%7C0%7C0%7C&cv=1&br=1990&bt=995&cs=0&ds=3&ft=-Csk_mgdPD12N5xOph-Ux715hY3W3wv25ucAp&mime_type=video_mp4&qs=0&rc=NzU1NTxoOWQ0OzRnNTNnNEBpM3ZudXg5cm1keDMzbzczNUAuNjEwNTUtXjAxLzM0Xl4zYSM2ZWBfMmRjNW5gLS1kMTFzcw%3D%3D&btag=e000b0000&expire=1746360850&l=20250502121400E473F1DD05F88F878342&ply_type=2&policy=2&signature=c49263bc49f12f2b100ed23c5971cb9a&tk=tt_chain_token,1739892111
7488330891874569473,When teamwork makes it worse  #meghan #spaghetti #withlovemeghan #netflix #cooking #cookingshow #youtube #comedy #fyp #bestfriends ,getdownwithsandm,6938538754265728002,454100,232900,4492,10400000,https://v16-webapp-prime.tiktok.com/video/tos/alisg/tos-alisg-pve-0037c001/o0oTsAkTfUQ3riEnj6ifBBgxiG82K3IARIB0EG/?a=1988&bti=ODszNWYuMDE6&ch=0&cr=3&dr=0&lr=all&cd=0%7C0%7C0%7C&cv=1&br=2288&bt=1144&cs=0&ds=3&ft=-Csk_mgdPD12N5xOph-Ux715hY3W3wv25ucAp&mime_type=video_mp4&qs=0&rc=ZTg3M2Y1aGZmO2g6OTNpZ0BpajVoZG45cjZ4eTMzODczNEAyYzU2LS0wXzUxMzIxX19hYSNvNjItMmRjXmlgLS1kMTFzcw%3D%3D&btag=e00088000&expire=1746360900&l=20250502121400E473F1DD05F88F878342&ply_type=2&policy=2&signature=49a4efa2676c71127b6127c82eaf00e5&tk=tt_chain_token,1743512926
7469609124985326894,THEY NOT LIKE US (pt. 1) #KendrickLamar #AppleMusicHalftime #SuperBowl @Apple Music @Roc Nation ,nfl,6634193109470593029,6500000,234900,31900,66800000,https://v16-webapp-prime.tiktok.com/video/tos/maliva/tos-maliva-ve-0068c799-us/oIPBlEPmOiUkuE46EAILi4YHxQFhZBzNgB35i/?a=1988&bti=ODszNWYuMDE6&ch=0&cr=3&dr=0&lr=all&cd=0%7C0%7C0%7C&cv=1&br=3304&bt=1652&cs=0&ds=3&ft=-Csk_mgdPD12N5xOph-Ux715hY3W3wv25ucAp&mime_type=video_mp4&qs=0&rc=ODRmNjg5NDk8ZjNmaTllNUBpM2g3c3M5cjRweDMzZzczNEBiNTQxL180NTQxL14yNmE0YSNgY2pkMmQ0MWhgLS1kMS9zcw%3D%3D&btag=e00088000&expire=1746360891&l=20250502121400E473F1DD05F88F878342&ply_type=2&policy=2&signature=ea5c7d8b368689a5c40fae7875c76e47&tk=tt_chain_token,1739153936
7497319469899943190,gelernt ist gelernt #fyy ,dachdeckerin_chiara,6844903152543958022,56100,608,1773,3000000,,1745605721
7480898331439385898,üòø #real #relatable #fyp #foryou #kitty #cat,_yunglimabean_,6813895800847926278,4100000,754100,18500,22300000,https://v16-webapp-prime.tiktok.com/video/tos/maliva/tos-maliva-ve-0068c799-us/oUBDq1nMQ3R7EkyEFXAr3IEDUg5S0VBB8vfbXe/?a=1988&bti=ODszNWYuMDE6&ch=0&cr=3&dr=0&lr=all&cd=0%7C0%7C0%7C&cv=1&br=1358&bt=679&cs=0&ds=3&ft=-Csk_mgdPD12N5xOph-Ux715hY3W3wv25ucAp&mime_type=video_mp4&qs=0&rc=aGQ0NDtkMzk8ODo8Mzg3NUBpM3U7Nng5cnNxeTMzZzczNEAxMi1iXl8yNi0xMF8tYDUyYSNyMDJtMmQ0bjVgLS1kMS9zcw%3D%3D&btag=e000b0000&expire=1746360853&l=20250502121400E473F1DD05F88F878342&ply_type=2&policy=2&signature=417e40aee133f3e91368321d189bc827&tk=tt_chain_token,1741782389
7498153793322781957,,anderson_oliveiraa_,6890637994711172097,33100,757,187,4200000,https://v16-webapp-prime.tiktok.com/video/tos/useast2a/tos-useast2a-pve-0068/o0zlpgOCoYBPjRkdB3FEQqDVEDARveqIQJfmJs/?a=1988&bti=ODszNWYuMDE6&ch=0&cr=3&dr=0&lr=all&cd=0%7C0%7C0%7C&cv=1&br=1962&bt=981&cs=0&ds=3&ft=-Csk_mgdPD12N5xOph-Ux715hY3W3wv25ucAp&mime_type=video_mp4&qs=0&rc=M2U5PDY6ZzppNTpkOzQ1PEBpajs8aHU5cjhmMzMzNzczM0BfLzEuYmAwNS8xMDVfLjJeYSNkM2JmMmRjaTRhLS1kMTZzcw%3D%3D&btag=e00090000&expire=1746360902&l=20250502121400E473F1DD05F88F878342&ply_type=2&policy=2&signature=6b515263382bdd68cd2193a72a1d2b04&tk=tt_chain_token,1745799980
7482412775692635397,FIFA STREET?üáßüá∑ estilo brasileiro ,arthurzinnv,7113702377895592965,3900000,272900,18800,50900000,https://v16-webapp-prime.tiktok.com/video/tos/useast2a/tos-useast2a-ve-0068c002/ocgxIXCPCg4E8Tj9OEJSfQvAxfkDrF8tbSeMSI/?a=1988&bti=ODszNWYuMDE6&ch=0&cr=3&dr=0&lr=all&cd=0%7C0%7C0%7C&cv=1&br=3724&bt=1862&cs=0&ds=3&ft=-Csk_mgdPD12N5xOph-Ux715hY3W3wv25ucAp&mime_type=video_mp4&qs=0&rc=aTRmNDo0NmkzMzw0ZDhoZ0Bpamk4OXg5cmlneTMzNzczM0BfXl5hMS0yXzIxNDYzMDVfYSNycTI1MmRzb19gLS1kMTZzcw%3D%3D&btag=e00090000&expire=1746360902&l=20250502121400E473F1DD05F88F878342&ply_type=2&policy=2&signature=e3cda6e0313b9da3d890aa8846d966df&tk=tt_chain_token,1742134987
7496176557543787798,2025 Zusammengefasst‚Ä¶üò≥üò≠ Was fehlt noch?üòÇ#marvintsp ,marvintsp,6791810736476095493,583800,87800,2726,4000000,,1745339618
7498795650323090710,BOMBOOOOCLAAAAAT,norman_patzek,136594763520098304,3600000,764800,8952,33800000,https://v16-webapp-prime.tiktok.com/video/tos/no1a/tos-no1a-ve-0068c001-no/o8FLXFfoEAHaFvJgEhQRYRYBksifIZDTEEKgQD/?a=1988&bti=ODszNWYuMDE6&ch=0&cr=3&dr=0&lr=all&cd=0%7C0%7C0%7C&cv=1&br=3340&bt=1670&cs=0&ds=3&ft=-Csk_mgdPD12NOxOph-UxEJ5SY3W3wv25pcAp&mime_type=video_mp4&qs=0&rc=NWQ2ZmU6OGhmaDw0NWdpNUBpanE5NWo5cmxrMzMzbzczNUBfMWE2YmItXmIxMjBiXi8tYSNmbi1lMmRjMjVhLS1kMTFzcw%3D%3D&btag=e000b0000&expire=1746360851&l=20250502121402DA4BB9D020E383874D22&ply_type=2&policy=2&signature=64c5aec820023338b6bfd39ba8c239f1&tk=tt_chain_token,1745949420
7486584885814021398,Como hacer un v√≠deo viral en tiktok. #howtogoviral #comocrearcontenido #comohacerteviral #crecerentiktok #creatorsearchinsights ,gabrimolinamkt,7396681038900790304,66400,6197,2928,2600000,https://v19-webapp-prime.tiktok.com/video/tos/no1a/tos-no1a-ve-0068c001-no/o0yAuDI2VVGHjdAHGxOvL6lLe7IgfPIIseQrEt/?a=1988&bti=ODszNWYuMDE6&ch=0&cr=3&dr=0&lr=all&cd=0%7C0%7C0%7C&cv=1&br=1488&bt=744&cs=0&ds=3&ft=-Csk_mgdPD12NOxOph-UxEJ5SY3W3wv25pcAp&mime_type=video_mp4&qs=0&rc=ZDVkODhnZjw3ZTQzNjNoN0BpajZ3N3g5cm91eTMzbzczNUAyMi4vMzYyNjQxLWAxY2NfYSNvYzZyMmRjLmZgLS1kMTFzcw%3D%3D&btag=e00088000&expire=1746360881&l=20250502121402DA4BB9D020E383874D22&ply_type=2&policy=2&signature=afd356af6628f2420e89df76ec60c316&tk=tt_chain_token,1743106382
7489427780397010198,#imapoliceofficer #tensheet #foryou #viral #fyppppppppppp #tonbirdge ,backwheelbandit69,7416366442453632032,4600000,315500,12600,45600000,https://v19-webapp-prime.tiktok.com/video/tos/no1a/tos-no1a-ve-0068c001-no/oEYgIq6nANrE8pknRvyBFf47gEEUIQFvUjC7fD/?a=1988&bti=ODszNWYuMDE6&ch=0&cr=3&dr=0&lr=all&cd=0%7C0%7C0%7C&cv=1&br=2036&bt=1018&cs=0&ds=3&ft=-Csk_mgdPD12NOxOph-UxEJ5SY3W3wv25pcAp&mime_type=video_mp4&qs=0&rc=PDM0aDY1Mzk4NWkzOWRlO0BpM2RrPG45cnN2eTMzbzczNUA2LWIyNl41XmAxXzZfL2EzYSNtczBnMmRzaWtgLS1kMTFzcw%3D%3D&btag=e000b8000&expire=1746360856&l=20250502121402DA4BB9D020E383874D22&ply_type=2&policy=2&signature=2225b224e4e5c580c6a5c9fb79004cb7&tk=tt_chain_token,1743768297
7481380020707953952,Bondi's Lifeguard Takes Down Thief in a Heart-Stopping Chase! #05,bondi.rescue.uk,7476038139518911521,319100,1541,1056,8700000,https://v16-webapp-prime.tiktok.com/video/tos/useast2a/tos-useast2a-ve-4864-euttp/o4fNDPWWpNjQgqWfGJRceUV8V51gGXgMBEeEAm/?a=1988&bti=ODszNWYuMDE6&ch=0&cr=3&dr=0&lr=all&cd=0%7C0%7C0%7C&cv=1&br=2820&bt=1410&cs=0&ds=3&ft=-Csk_mgdPD12NOxOph-UxEJ5SY3W3wv25pcAp&mime_type=video_mp4&qs=0&rc=OjVlNmY4PGU4Z2hpaDU7M0BpMzp2Z3Q5cmRteTQzZjM2M0AzXzUtYjAvNTExLS0wXi4vYSNkZTBlMmRrMjZgLS1kLWNzcw%3D%3D&btag=e00090000&expire=1746360967&l=20250502121402DA4BB9D020E383874D22&ply_type=2&policy=2&signature=0663bb81c50db0d24f00abf3ece7f7e0&tk=tt_chain_token,1741894540
7471588177912827158,#fyp #skandal #knast ,staifo70,7455282995046843414,13400,7811,813,772800,,1739614689
7499214342836030728,WAKE UP IT‚ÄôS THE FIRST OF THE MONTH | #fyp #foryou #oorsz #trending #xyzbca #firstofthemonth ,oorsz,6792924891080508421,4000000,2300000,29600,21000000,https://webapp-sg.tiktok.com/5a414b9bcf5d8d34eb7fde3cc0d06c59/68175a15/kmoat/mps/logo/v3/r/p/v1c044g50000d098vdfog65qd4hrquq0/4c481baf3e1b4156ba63d792989ac21a/df7210d5fd53be10c1de2b319c4437a2/mp4/main.mp4?a=1988&bti=ODszNWYuMDE6&ch=0&cr=3&dr=0&lr=all&cd=0%7C0%7C0%7C&cv=1&br=0&bt=0&cs=0&ds=3&ft=bLZkAmgdPD12NOxOph-UxEJ5SY3W3wv25pcAp&mime_type=video_mp4&qs=0&rc=cnF8b2hsc2d3SkBwaHIxaDFybndmZDVkOzU6NmQ5NGVoaWU7ZkBpM3h1N3Q5cmc7MzMzODczNEBjRl5Nc3FePmJKYSNvYF90aHFmOiMuYDY2NmEzXzIxLjBeLjExYSNubmVhMmRjczZhLS1kMWBzcw%3D%3D&btag=e000b0000&definition=720p&du=11&item_id=7499214342836030728&l=20250502121402DA4BB9D020E383874D22&logo_type=tiktok_celebrity&ply_type=2&policy=eyJ2bSI6MiwiY2siOiJ0dF9jaGFpbl90b2tlbiJ9&sign_params=item_id%2Cuser_text&user_text=oorsz,1746046912
7499180503635938582,sorry this isn‚Äôt funny. if anyone wants to donate me clothes i‚Äôd appreciate it x #fyp #foryoupage #housefire #fire ,poppycooperr,6869047703524557829,1300000,107800,5098,7600000,,1746039028
7499137291915447574,C'est la routine dans cette classe. ü§£ #motivation #motivationalvideo #motivationmentalit√© #respect #conseil #goodvibes #inspiration #le√ßon #le√ßondevie #morale #badass #fun #funny #drole #marrant ,crossthememory,7200505953069171717,712700,92900,3052,7700000,,1746028967
7487941276524875016,LIGHTNING || #edit #cars #viral #fyp ,hudsonfilms__,7192191009479459846,1700000,197000,4136,8200000,https://v16-webapp-prime.tiktok.com/video/tos/alisg/tos-alisg-pve-0037c001/oomnAfJTTAdkgRGtgQFs6EUDmfBb5roEBEBHVI/?a=1988&bti=ODszNWYuMDE6&ch=0&cr=3&dr=0&lr=all&cd=0%7C0%7C0%7C&cv=1&br=2696&bt=1348&cs=0&ds=3&ft=-Csk_mgdPD12NOxOph-UxEJ5SY3W3wv25pcAp&mime_type=video_mp4&qs=0&rc=OTpnOTtmNzg1ZGk8ZGg6NEBpM2c6amw5cnM7eTMzODczNEBfLTUzNmExNTAxYl4wXzUyYSNvbTI2MmRrMWlgLS1kMTFzcw%3D%3D&btag=e00088000&expire=1746360901&l=20250502121402DA4BB9D020E383874D22&ply_type=2&policy=2&signature=565c7c2d2996c4e5959972044bc04fb5&tk=tt_chain_token,1743422189
7493655072073665799,#CapCut ÿ£ŸÜÿß ÿ¥Ÿàÿ±Ÿä ÿπŸÑŸâ ÿßŸÑÿ≤ŸÑŸÖ Ÿäÿµÿ®ÿ≠ ŸÇÿ±ÿßÿ± üñ§üí´üåô#ÿ≠ÿ∑_ÿµŸàÿ±ÿ™ŸÉüòÖüëåüèª #ŸÇÿßŸÑÿ®_ÿ¨ÿßŸáÿ≤_ŸÜÿßÿ±üî• üñ§üí´#ŸÇŸàÿßŸÑÿ®_ŸÉÿßÿ®_ŸÉÿßÿ™_ÿ¨ÿßŸáÿ≤Ÿá_ŸÑŸÑÿ™ÿµŸÖŸäŸÖ #ÿßŸÑÿ¥ÿπÿ®_ÿßŸÑÿµŸäŸÜŸä_ŸÖÿßŸÑŸá_ÿ≠ŸÑüòÇüòÇ #fyp  . .. ... .... ..... ...... ....... #ÿ¨ŸÄŸÜÿ±ÿ¢ÿ¢ŸÑ #ÿ™ÿ±ŸÜÿØ_ÿ¥ÿßÿ¥Ÿá_ÿ≥ŸàÿØÿßÿ°_üôã‚ù§ #fyppppppppppppppppppppppp ,af517af,7491014137871631377,79800,2504,483,3100000,https://webapp-sg.tiktok.com/cd50cb2045060cdfd5b0772320098915/68175a19/kmoat/mps/logo/v3/r/p/v14044g50000cvvcuinog65tljifomj0/b79ba3b7f9b54f439b04864d0d906568/7991e0101fd3dc5e08ca22e20ea82207/mp4/main.mp4?a=1988&bti=ODszNWYuMDE6&ch=0&cr=3&dr=0&lr=all&cd=0%7C0%7C0%7C&cv=1&br=0&bt=0&cs=0&ds=3&ft=bLZkAmgdPD12NOxOph-UxEJ5SY3W3wv25pcAp&mime_type=video_mp4&qs=0&rc=cnF8b2hsc2d3SkBwaHIxaDFybndmOzgzZ2c5N2U2aTg8OjZlOkBpM3BpbXc5cmxmeTMzODczNEBjRl5Nc3FePmJKYSNvYF90aHFmOiMzMzYtMTUtNjExX2NfXjZfYSNnbGZpMmRrcnNgLS1kMTFzcw%3D%3D&btag=e000b8000&definition=720p&du=15&item_id=7493655072073665799&l=20250502121402DA4BB9D020E383874D22&logo_type=tiktok_creator&ply_type=2&policy=eyJ2bSI6MiwiY2siOiJ0dF9jaGFpbl90b2tlbiJ9&sign_params=item_id%2Cuser_text&user_text=af517af,1744752550
7497359780516760863,What play was your favorite? ü§îüëá #nba #basketball ,jinx.nba,7387087231481857066,2400000,61900,3219,49600000,https://v16-webapp-prime.tiktok.com/video/tos/maliva/tos-maliva-ve-0068c799-us/oUEAAEA6mgB4vWSVSSQaBIaZGjMJjRRisZiAP/?a=1988&bti=ODszNWYuMDE6&ch=0&cr=3&dr=0&lr=all&cd=0%7C0%7C0%7C&cv=1&br=4522&bt=2261&cs=0&ds=3&ft=-Csk_mgdPD12NOxOph-UxEJ5SY3W3wv25pcAp&mime_type=video_mp4&qs=0&rc=aGg3Zzk6Zjg8OzQ5O2k1ZEBpanM3O3Q5cjl5MzMzaTczNEAyLS1hMDAwNTUxLTAvYTI2YSNgZi82MmQ0ZTJhLS1kMTJzcw%3D%3D&btag=e00090000&expire=1746360904&l=20250502121402DA4BB9D020E383874D22&ply_type=2&policy=2&signature=dd4e550d05fd8a91a6ebf91e297a3003&tk=tt_chain_token,1745615133
7496176557543787798,2025 Zusammengefasst‚Ä¶üò≥üò≠ Was fehlt noch?üòÇ#marvintsp ,marvintsp,6791810736476095493,583800,87800,2726,4000000,,1745339618
7486133953825344790,#willimiti #fyp #g√∂nnfy ,willimiti,6978125087917507590,861700,328500,7029,10700000,,1743001391
7472779684124675350,Ronaldo‚Äôs reaction üíÄü§£ #UCL ,championsleague,6941075248162931717,483600,4060,1852,5000000,https://v19-webapp-prime.tiktok.com/video/tos/no1a/tos-no1a-ve-0068-no/ogRtDfeNEEVkEax8XQngFBt0IoRKArISmFPBlk/?a=1988&bti=ODszNWYuMDE6&ch=0&cr=3&dr=0&lr=all&cd=0%7C0%7C0%7C&cv=1&br=1990&bt=995&cs=0&ds=3&ft=-Csk_mgdPD12NOxOph-UxEJ5SY3W3wv25pcAp&mime_type=video_mp4&qs=0&rc=NzU1NTxoOWQ0OzRnNTNnNEBpM3ZudXg5cm1keDMzbzczNUAuNjEwNTUtXjAxLzM0Xl4zYSM2ZWBfMmRjNW5gLS1kMTFzcw%3D%3D&btag=e000b0000&expire=1746360851&l=20250502121402DA4BB9D020E383874D22&ply_type=2&policy=2&signature=3336105391512cf9e57914c11d12d15c&tk=tt_chain_token,1739892111
7496313101076139310,Mini Morgan Freeman is coming!#morganfreeman #oscarwinner #hollywood #hollywoodlegend #actor #movies #shawshankredemption #qatar2022 ,claydollartist1,7147498025184330798,919500,50200,15000,31600000,https://v16-webapp-prime.tiktok.com/video/tos/maliva/tos-maliva-ve-0068c799-us/oo1SIQiBdQp50OuIBQBAE9B2IS0waAYCMBiWfT/?a=1988&bti=ODszNWYuMDE6&ch=0&cr=3&dr=0&lr=all&cd=0%7C0%7C0%7C&cv=1&br=1760&bt=880&cs=0&ds=3&ft=-Csk_mgdPD12NOxOph-UxEJ5SY3W3wv25pcAp&mime_type=video_mp4&qs=0&rc=OmZmZjVnODU6PDNoOGgzZkBpM2hzN3A5cnY2MzMzZzczNEAzLWNhXmIzXjExNDUxNDZiYSM1MS82MmRzcTFhLS1kMS9zcw%3D%3D&btag=e00090000&expire=1746360958&l=20250502121402DA4BB9D020E383874D22&ply_type=2&policy=2&signature=d3c60dd4d928ae83b7fa40f5de2573dd&tk=tt_chain_token,1745371428
7474289329448209686,üáßüáªüáßüáª#norge #norway #representation #norwayedit #fyp ,sebastian77762,7152184842351035397,80300,3913,913,617900,https://v19-webapp-prime.tiktok.com/video/tos/no1a/tos-no1a-ve-0068c001-no/oEGIkEWxgAJsFvzPRFfZgnDB9Cu7MEEKIQfQQ6/?a=1988&bti=ODszNWYuMDE6&ch=0&cr=3&dr=0&lr=all&cd=0%7C0%7C0%7C&cv=1&br=2232&bt=1116&cs=0&ds=3&ft=-Csk_mgdPD12NOxOph-UxEJ5SY3W3wv25pcAp&mime_type=video_mp4&qs=0&rc=ZztlOTM5MzpmOjNnN2U0N0BpM2l2dXM5cm4zeDMzbzczNUA0My8uNi4yXzUxNDRiNl4uYSMzaDRvMmQ0MXFgLS1kMTFzcw%3D%3D&btag=e000b0000&expire=1746360854&l=20250502121402DA4BB9D020E383874D22&ply_type=2&policy=2&signature=7ec5c7e1742a8367a0bc5a1a6019f2c4&tk=tt_chain_token,1740243600
7497184581569793302,üò≤ MAGIC REVEALED!  ,stevecarlintv,6745456374622422022,96300,5177,457,7600000,,1745574316
7498448898898464046,Wooo! üèÜ #italianbrainrot #tiktokgames #tungtungtung #joyblznartooni ,joyblznartooni,6983528412091515906,5200000,1900000,38500,50900000,,1745868701
7473564883695504662,Mona Lisa Motion OUT NOW on All Plattforms,zah1de_kyc,6836358130437211142,1700000,89900,29200,32400000,,1740074927
7496972647381650694,,andrii23_11,7011113381148509189,196100,211500,1947,11300000,https://v19-webapp-prime.tiktok.com/video/tos/useast2a/tos-useast2a-ve-0068c002/ocAgSRcfgAGYCfnSjW8sTQMCBFFjgQIqnflbAc/?a=1988&bti=ODszNWYuMDE6&ch=0&cr=3&dr=0&lr=all&cd=0%7C0%7C0%7C&cv=1&br=3332&bt=1666&cs=0&ds=3&ft=-Csk_mgdPD12NOxOph-UxEJ5SY3W3wv25pcAp&mime_type=video_mp4&qs=0&rc=ZGU0ZmRmOTk0N2g5OjQ7aEBpMzc4eG45cm08MzMzNzczM0AyMDFfMF5fNl4xLjQ2Li0yYSNoaW1zMmRjZTJhLS1kMTZzcw%3D%3D&btag=e000b0000&expire=1746360849&l=20250502121402DA4BB9D020E383874D22&ply_type=2&policy=2&signature=ac4d463153d21fa693d861dd94883276&tk=tt_chain_token,1745524974
,,,,,,,,,0
7497319469899943190,gelernt ist gelernt #fyy ,dachdeckerin_chiara,6844903152543958022,56100,608,1773,3000000,,1745605721
7499122909277949206,"Detainees at the Bluebonnet immigrant detention centre in the small city of Anson, Texas, sent the outside world a message this week: S-O-S. With a Reuters drone flying nearby, 31 men formed the letters in the dirt yard of the facility. Ten days earlier, dozens of Venezuelan detainees at the center were given notices by immigration officials that alleged they were members of the Venezuelan gang Tren de Aragua and subject to deportation under a wartime law. #deportation #migrants #elsalvador #worldnews #usnews #news",metrouk,6680887403933631493,5900000,208200,43500,45900000,https://v16-webapp-prime.tiktok.com/video/tos/no1a/tos-no1a-ve-0068-no/o8EAeBEjliDBVxgLyWN1F2SFfpkQkoECPvIc9A/?a=1988&bti=ODszNWYuMDE6&ch=0&cr=3&dr=0&lr=all&cd=0%7C0%7C0%7C&cv=1&br=1328&bt=664&cs=0&ds=3&ft=-Csk_mgdPD12NOxOph-UxEJ5SY3W3wv25pcAp&mime_type=video_mp4&qs=0&rc=ZmY6aGY5aTU7PGRnZDw3ZkBpMzh5cW45cjo2MzMzbzgzNUAuXjAvNGBgXl8xLS1hLi1fYSNzaWppMmQ0bTZhLS1kLzFzcw%3D%3D&btag=e000b0000&expire=1746360852&l=20250502121402DA4BB9D020E383874D22&ply_type=2&policy=2&signature=01cf0a0fe18dbcbbd0abedf20925792f&tk=tt_chain_token,1746025632
7472812993370180886,voici comment trouver la meilleur coupe de cheveux pour la forme de ton visage en 2025 #cheveux #conseil #faceshape #taper #homme,monsieurglowup,7308079074085356576,181200,3566,773,3000000,,1739899865
7482796216863018271,Pizza Is Just BETTER,d0ughjoe,6627560851330334726,7700000,584500,67100,74500000,https://v19-webapp-prime.tiktok.com/video/tos/maliva/tos-maliva-ve-0068c799-us/okQsegIQnGEkkp6wBuFEAtDnE2ARTj8IQZfkVD/?a=1988&bti=ODszNWYuMDE6&ch=0&cr=3&dr=0&lr=all&cd=0%7C0%7C0%7C&cv=1&br=2900&bt=1450&cs=0&ds=3&ft=-Csk_mgdPD12NOxOph-UxEJ5SY3W3wv25pcAp&mime_type=video_mp4&qs=0&rc=Z2doZGY2Nmk7ODY4NGU6NUBpM25vZHE5cnM2eTMzaTczNEA0XjM2MjVfXmAxYGEvLzNjYSNoMTAzMmRzamBgLS1kMTJzcw%3D%3D&btag=e000b8000&expire=1746360863&l=20250502121402DA4BB9D020E383874D22&ply_type=2&policy=2&signature=a6c01df0db5226c8195503a01c72e9af&tk=tt_chain_token,1742224312
7499358314266889503,Lamine Yamal - Future Ballon D‚ÄôOr üí´ #lamine #lamineyamal #yamal #fcbarcelona #barcelona #football #fyp #foryou ,hecompshdyt2,7394635308895159339,894100,33100,2357,4900000,https://v19-webapp-prime.tiktok.com/video/tos/maliva/tos-maliva-ve-0068c799-us/oQEIVEEPAAK1El0ORFfAxoDBkHERIEE9vJfPQT/?a=1988&bti=ODszNWYuMDE6&ch=0&cr=3&dr=0&lr=all&cd=0%7C0%7C0%7C&cv=1&br=1870&bt=935&cs=0&ds=3&ft=-Csk_mgdPD12NOxOph-UxEJ5SY3W3wv25pcAp&mime_type=video_mp4&qs=0&rc=ODk2NWU7MztpPDRlPDMzOUBpM2h5O3Q5cjZrMzMzaTczNEAvMl9eNTZfX2IxMmBiM2JhYSMxbjA2MmRzMjZhLS1kMTJzcw%3D%3D&btag=e00090000&expire=1746360904&l=20250502121402DA4BB9D020E383874D22&ply_type=2&policy=2&signature=1455c6f2987a6419b042927e0e7f6950&tk=tt_chain_token,1746080494
7489212670894263557,#fyp #foryoupage #viral_video #funny #fyp„Ç∑„Çö #humor #tiktokviral #pourtoi #trendingvideo ,fansdetacu,6743715188849607685,94000,20400,2115,8100000,https://v19-webapp-prime.tiktok.com/video/tos/useast2a/tos-useast2a-ve-0068c001/o0LeoAIYfuKZKtaeJ0LIAeGpivAMhH0Rgae6IA/?a=1988&bti=ODszNWYuMDE6&ch=0&cr=3&dr=0&lr=all&cd=0%7C0%7C0%7C&cv=1&br=2844&bt=1422&cs=0&ds=3&ft=-Csk_mgdPD12NOxOph-UxEJ5SY3W3wv25pcAp&mime_type=video_mp4&qs=0&rc=ODZmPGc1Nzk2aTU8NzNkOEBpM2V0O3c5cm9qeTMzNzczM0AtMTQyYDFiNjQxMGBeYWNhYSNfcWowMmQ0NGtgLS1kMTZzcw%3D%3D&btag=e000b0000&expire=1746360850&l=20250502121402DA4BB9D020E383874D22&ply_type=2&policy=2&signature=9f208ce81c32f38c81ae69658f220359&tk=tt_chain_token,1743718212
7478672669689384200,ÿßŸàÿ∂ÿßÿπ ÿ™ÿ≠Ÿäÿ± ŸÅŸäŸÜÿßüíîüòî #nomusic60 #ÿ®ÿØŸàŸÜ_ŸÖŸàÿ≥ŸäŸÇŸä #ÿßŸÉÿ≥ÿ®ŸÑŸà #fyp ,no.music093,7440235928114086919,233800,13100,1109,6800000,https://webapp-sg.tiktok.com/598fead3b5b8c26891a939f3a3e6dd1a/68175a1d/kmoat/mps/logo/v3/r/p/v14044g50000cv4p9t7og65phicqb900/a4ba797aa94148d2b281397e80eee136/7d69a72317170f20d595bbe22f38d243/mp4/main.mp4?a=1988&bti=ODszNWYuMDE6&ch=0&cr=3&dr=0&lr=all&cd=0%7C0%7C0%7C&cv=1&br=0&bt=0&cs=0&ds=3&ft=bLZkAmgdPD12NOxOph-UxEJ5SY3W3wv25pcAp&mime_type=video_mp4&qs=0&rc=cnF8b2hsc2d3SkBwaHIxaDFybndmOTRoM2g8NDU1OzQ8ZDxkN0BpMzx0bHM5cndzeTMzODczNEBjRl5Nc3FePmJKYSNvYF90aHFmOiMwYmI1NDA1X2ExMV40NF9eYSMtX2BlMmQ0NjFgLS1kMTFzcw%3D%3D&btag=e000b8000&definition=720p&du=20&item_id=7478672669689384200&l=20250502121402DA4BB9D020E383874D22&logo_type=tiktok_creator&ply_type=2&policy=eyJ2bSI6MiwiY2siOiJ0dF9jaGFpbl90b2tlbiJ9&sign_params=item_id%2Cuser_text&user_text=no.music093,1741264175
7495077983057661206,,newmartina,160979307433955328,4300000,70900,32600,63400000,https://v16-webapp-prime.tiktok.com/video/tos/no1a/tos-no1a-ve-0068c001-no/oEBkPr1YodBEBi1d2ApsEPPiZ30oBQaQUDEIA/?a=1988&bti=ODszNWYuMDE6&ch=0&cr=3&dr=0&lr=all&cd=0%7C0%7C0%7C&cv=1&br=2564&bt=1282&cs=0&ds=3&ft=-Csk_mgdPD12NOxOph-UxEJ5SY3W3wv25pcAp&mime_type=video_mp4&qs=0&rc=NzpoNzY2aDtkODk7ZzM4Z0BpMzRrdG85cjx3MzMzbzczNUA1LjRfXy8wNWAxNTY0MGAzYSNuLTJuMmQ0by5hLS1kMTFzcw%3D%3D&btag=e00090000&expire=1746360970&l=20250502121402DA4BB9D020E383874D22&ply_type=2&policy=2&signature=8c8abf4511c769f66777d6cfb0488cbd&tk=tt_chain_token,1745083834
7493851564277271830,@Jordanalmani @Semih Jackson #semih #jordan #jordangoat #beststreamer #bestcouple #fyp #fypp ,memes_deutschland8,7430135775070635041,107600,29500,2121,1100000,,1744798288
7498795650323090710,BOMBOOOOCLAAAAAT,norman_patzek,136594763520098304,3600000,764900,8952,33800000,https://v16-webapp-prime.tiktok.com/video/tos/no1a/tos-no1a-ve-0068c001-no/o8FLXFfoEAHaFvJgEhQRYRYBksifIZDTEEKgQD/?a=1988&bti=ODszNWYuMDE6&ch=0&cr=3&dr=0&lr=all&cd=0%7C0%7C0%7C&cv=1&br=3340&bt=1670&cs=0&ds=3&ft=-Csk_mgdPD12NuxOph-UxBJ2hY3W3wv25scAp&mime_type=video_mp4&qs=0&rc=NWQ2ZmU6OGhmaDw0NWdpNUBpanE5NWo5cmxrMzMzbzczNUBfMWE2YmItXmIxMjBiXi8tYSNmbi1lMmRjMjVhLS1kMTFzcw%3D%3D&btag=e000b0000&expire=1746360864&l=20250502121414BDD9DA08111588871205&ply_type=2&policy=2&signature=ef20a3bfb0a07607786a454b841fee5b&tk=tt_chain_token,1745949420
7497359780516760863,What play was your favorite? ü§îüëá #nba #basketball ,jinx.nba,7387087231481857066,2400000,61900,3219,49600000,https://v16-webapp-prime.tiktok.com/video/tos/maliva/tos-maliva-ve-0068c799-us/oUEAAEA6mgB4vWSVSSQaBIaZGjMJjRRisZiAP/?a=1988&bti=ODszNWYuMDE6&ch=0&cr=3&dr=0&lr=all&cd=0%7C0%7C0%7C&cv=1&br=4522&bt=2261&cs=0&ds=3&ft=-Csk_mgdPD12NuxOph-UxBJ2hY3W3wv25scAp&mime_type=video_mp4&qs=0&rc=aGg3Zzk6Zjg8OzQ5O2k1ZEBpanM3O3Q5cjl5MzMzaTczNEAyLS1hMDAwNTUxLTAvYTI2YSNgZi82MmQ0ZTJhLS1kMTJzcw%3D%3D&btag=e00090000&expire=1746360917&l=20250502121414BDD9DA08111588871205&ply_type=2&policy=2&signature=9b13298a99f6c8a96aba57fd0d809ed7&tk=tt_chain_token,1745615133
7489427780397010198,#imapoliceofficer #tensheet #foryou #viral #fyppppppppppp #tonbirdge ,backwheelbandit69,7416366442453632032,4600000,315500,12600,45600000,https://v16-webapp-prime.tiktok.com/video/tos/no1a/tos-no1a-ve-0068c001-no/oEYgIq6nANrE8pknRvyBFf47gEEUIQFvUjC7fD/?a=1988&bti=ODszNWYuMDE6&ch=0&cr=3&dr=0&lr=all&cd=0%7C0%7C0%7C&cv=1&br=2036&bt=1018&cs=0&ds=3&ft=-Csk_mgdPD12NuxOph-UxBJ2hY3W3wv25scAp&mime_type=video_mp4&qs=0&rc=PDM0aDY1Mzk4NWkzOWRlO0BpM2RrPG45cnN2eTMzbzczNUA2LWIyNl41XmAxXzZfL2EzYSNtczBnMmRzaWtgLS1kMTFzcw%3D%3D&btag=e000b8000&expire=1746360869&l=20250502121414BDD9DA08111588871205&ply_type=2&policy=2&signature=5068fdd71a09d35b68adcc05c1fb93b1&tk=tt_chain_token,1743768297
7499214342836030728,WAKE UP IT‚ÄôS THE FIRST OF THE MONTH | #fyp #foryou #oorsz #trending #xyzbca #firstofthemonth ,oorsz,6792924891080508421,4000000,2300000,29600,21000000,https://webapp-sg.tiktok.com/d6a63ebdb9cf483722c976c09dd832cc/68175a22/kmoat/mps/logo/v3/r/p/v1c044g50000d098vdfog65qd4hrquq0/4c481baf3e1b4156ba63d792989ac21a/df7210d5fd53be10c1de2b319c4437a2/mp4/main.mp4?a=1988&bti=ODszNWYuMDE6&ch=0&cr=3&dr=0&lr=all&cd=0%7C0%7C0%7C&cv=1&br=0&bt=0&cs=0&ds=3&ft=bLZkAmgdPD12NuxOph-UxBJ2hY3W3wv25scAp&mime_type=video_mp4&qs=0&rc=cnF8b2hsc2d3SkBwaHIxaDFybndmZDVkOzU6NmQ5NGVoaWU7ZkBpM3h1N3Q5cmc7MzMzODczNEBjRl5Nc3FePmJKYSNvYF90aHFmOiMuYDY2NmEzXzIxLjBeLjExYSNubmVhMmRjczZhLS1kMWBzcw%3D%3D&btag=e000b0000&definition=720p&du=11&item_id=7499214342836030728&l=20250502121414BDD9DA08111588871205&logo_type=tiktok_celebrity&ply_type=2&policy=eyJ2bSI6MiwiY2siOiJ0dF9jaGFpbl90b2tlbiJ9&sign_params=item_id%2Cuser_text&user_text=oorsz,1746046912
7496176557543787798,2025 Zusammengefasst‚Ä¶üò≥üò≠ Was fehlt noch?üòÇ#marvintsp ,marvintsp,6791810736476095493,583800,87800,2726,4000000,,1745339618
7493655072073665799,#CapCut ÿ£ŸÜÿß ÿ¥Ÿàÿ±Ÿä ÿπŸÑŸâ ÿßŸÑÿ≤ŸÑŸÖ Ÿäÿµÿ®ÿ≠ ŸÇÿ±ÿßÿ± üñ§üí´üåô#ÿ≠ÿ∑_ÿµŸàÿ±ÿ™ŸÉüòÖüëåüèª #ŸÇÿßŸÑÿ®_ÿ¨ÿßŸáÿ≤_ŸÜÿßÿ±üî• üñ§üí´#ŸÇŸàÿßŸÑÿ®_ŸÉÿßÿ®_ŸÉÿßÿ™_ÿ¨ÿßŸáÿ≤Ÿá_ŸÑŸÑÿ™ÿµŸÖŸäŸÖ #ÿßŸÑÿ¥ÿπÿ®_ÿßŸÑÿµŸäŸÜŸä_ŸÖÿßŸÑŸá_ÿ≠ŸÑüòÇüòÇ #fyp  . .. ... .... ..... ...... ....... #ÿ¨ŸÄŸÜÿ±ÿ¢ÿ¢ŸÑ #ÿ™ÿ±ŸÜÿØ_ÿ¥ÿßÿ¥Ÿá_ÿ≥ŸàÿØÿßÿ°_üôã‚ù§ #fyppppppppppppppppppppppp ,af517af,7491014137871631377,79800,2504,483,3100000,https://webapp-sg.tiktok.com/e94aec1387051fedd74d8fc0f1308061/68175a26/kmoat/mps/logo/v3/r/p/v14044g50000cvvcuinog65tljifomj0/b79ba3b7f9b54f439b04864d0d906568/7991e0101fd3dc5e08ca22e20ea82207/mp4/main.mp4?a=1988&bti=ODszNWYuMDE6&ch=0&cr=3&dr=0&lr=all&cd=0%7C0%7C0%7C&cv=1&br=0&bt=0&cs=0&ds=3&ft=bLZkAmgdPD12NuxOph-UxBJ2hY3W3wv25scAp&mime_type=video_mp4&qs=0&rc=cnF8b2hsc2d3SkBwaHIxaDFybndmOzgzZ2c5N2U2aTg8OjZlOkBpM3BpbXc5cmxmeTMzODczNEBjRl5Nc3FePmJKYSNvYF90aHFmOiMzMzYtMTUtNjExX2NfXjZfYSNnbGZpMmRrcnNgLS1kMTFzcw%3D%3D&btag=e000b8000&definition=720p&du=15&item_id=7493655072073665799&l=20250502121414BDD9DA08111588871205&logo_type=tiktok_creator&ply_type=2&policy=eyJ2bSI6MiwiY2siOiJ0dF9jaGFpbl90b2tlbiJ9&sign_params=item_id%2Cuser_text&user_text=af517af,1744752550
7499180503635938582,sorry this isn‚Äôt funny. if anyone wants to donate me clothes i‚Äôd appreciate it x #fyp #foryoupage #housefire #fire ,poppycooperr,6869047703524557829,1300000,107800,5099,7600000,,1746039028
7486133953825344790,#willimiti #fyp #g√∂nnfy ,willimiti,6978125087917507590,861700,328500,7029,10700000,,1743001391
7499082803103927554,#fpy #_nu_o_sa__ajunga_pe_foryou #crazy #stiu_ca_nu_o_sa__ajunga_pe_foryou #scoala ,cristi....01,7349925415945929761,56700,19400,372,518400,https://webapp-no1a.tiktok.com/d64e7dbe265760453cd989aaaebdc759/68175a1f/kmoat/mps/logo/v3/r/p/v24044gl0000d0919b7og65l23peg270/6c16e18f821345faa89a19761792776b/d7f940eaccf1ca026bccc1eb61b64f6c/mp4/main.mp4?a=1988&bti=ODszNWYuMDE6&ch=0&cr=3&dr=0&lr=all&cd=0%7C0%7C0%7C&cv=1&br=0&bt=0&cs=0&ds=3&ft=_kKG3Y0-C12NvjdfSXHnRfyevHcI6IxVvY.piX&mime_type=video_mp4&qs=0&rc=cnF8b2hsc2d3SkBwaHIxaDFybndmZTo1Ojk8ZDtkODY1aTQ5ZkBpMzVoNm85cmU0MzMzbzczNUBjRl5Nc3FePmJKYSNvYF90aHFmOiMzNDYuNC42XmMxLjU1Yi4zYSM0ZG0vMmQ0NjZhLS1kMTFzcw%3D%3D&btag=e000b0000&definition=720p&du=9&item_id=7499082803103927554&l=20250502121414BDD9DA08111588871205&logo_type=tiktok_creator&ply_type=2&policy=eyJ2bSI6MiwiY2siOiJ0dF9jaGFpbl90b2tlbiJ9&sign_params=item_id%2Cuser_text&user_text=cristi....01,1746016283
7496313101076139310,Mini Morgan Freeman is coming!#morganfreeman #oscarwinner #hollywood #hollywoodlegend #actor #movies #shawshankredemption #qatar2022 ,claydollartist1,7147498025184330798,919500,50200,15000,31600000,https://v16-webapp-prime.tiktok.com/video/tos/maliva/tos-maliva-ve-0068c799-us/oo1SIQiBdQp50OuIBQBAE9B2IS0waAYCMBiWfT/?a=1988&bti=ODszNWYuMDE6&ch=0&cr=3&dr=0&lr=all&cd=0%7C0%7C0%7C&cv=1&br=1760&bt=880&cs=0&ds=3&ft=-Csk_mgdPD12NuxOph-UxBJ2hY3W3wv25scAp&mime_type=video_mp4&qs=0&rc=OmZmZjVnODU6PDNoOGgzZkBpM2hzN3A5cnY2MzMzZzczNEAzLWNhXmIzXjExNDUxNDZiYSM1MS82MmRzcTFhLS1kMS9zcw%3D%3D&btag=e00090000&expire=1746360971&l=20250502121414BDD9DA08111588871205&ply_type=2&policy=2&signature=7336fe3fb5b6032f4f63ec1c4c64f82d&tk=tt_chain_token,1745371428
7498448898898464046,Wooo! üèÜ #italianbrainrot #tiktokgames #tungtungtung #joyblznartooni ,joyblznartooni,6983528412091515906,5200000,1900000,38500,50900000,,1745868701
7474289329448209686,üáßüáªüáßüáª#norge #norway #representation #norwayedit #fyp ,sebastian77762,7152184842351035397,80300,3913,913,617900,https://v16-webapp-prime.tiktok.com/video/tos/no1a/tos-no1a-ve-0068c001-no/oEGIkEWxgAJsFvzPRFfZgnDB9Cu7MEEKIQfQQ6/?a=1988&bti=ODszNWYuMDE6&ch=0&cr=3&dr=0&lr=all&cd=0%7C0%7C0%7C&cv=1&br=2232&bt=1116&cs=0&ds=3&ft=-Csk_mgdPD12NuxOph-UxBJ2hY3W3wv25scAp&mime_type=video_mp4&qs=0&rc=ZztlOTM5MzpmOjNnN2U0N0BpM2l2dXM5cm4zeDMzbzczNUA0My8uNi4yXzUxNDRiNl4uYSMzaDRvMmQ0MXFgLS1kMTFzcw%3D%3D&btag=e000b0000&expire=1746360867&l=20250502121414BDD9DA08111588871205&ply_type=2&policy=2&signature=c5c657ad486bf54c05cd926471597d08&tk=tt_chain_token,1740243600
7497616695800990998,Ganz wichtig‚ÄºÔ∏è #nrgmusik ,nrg_musik,6638256463083421702,176800,17600,3066,3000000,,1745674926
7488330891874569473,When teamwork makes it worse  #meghan #spaghetti #withlovemeghan #netflix #cooking #cookingshow #youtube #comedy #fyp #bestfriends ,getdownwithsandm,6938538754265728002,454100,232900,4492,10400000,https://v16-webapp-prime.tiktok.com/video/tos/alisg/tos-alisg-pve-0037c001/o0oTsAkTfUQ3riEnj6ifBBgxiG82K3IARIB0EG/?a=1988&bti=ODszNWYuMDE6&ch=0&cr=3&dr=0&lr=all&cd=0%7C0%7C0%7C&cv=1&br=2288&bt=1144&cs=0&ds=3&ft=-Csk_mgdPD12NuxOph-UxBJ2hY3W3wv25scAp&mime_type=video_mp4&qs=0&rc=ZTg3M2Y1aGZmO2g6OTNpZ0BpajVoZG45cjZ4eTMzODczNEAyYzU2LS0wXzUxMzIxX19hYSNvNjItMmRjXmlgLS1kMTFzcw%3D%3D&btag=e00088000&expire=1746360914&l=20250502121414BDD9DA08111588871205&ply_type=2&policy=2&signature=8c41817f6b396e36c8557091f73a502c&tk=tt_chain_token,1743512926
7472779684124675350,Ronaldo‚Äôs reaction üíÄü§£ #UCL ,championsleague,6941075248162931717,483600,4060,1852,5000000,https://v16-webapp-prime.tiktok.com/video/tos/no1a/tos-no1a-ve-0068-no/ogRtDfeNEEVkEax8XQngFBt0IoRKArISmFPBlk/?a=1988&bti=ODszNWYuMDE6&ch=0&cr=3&dr=0&lr=all&cd=0%7C0%7C0%7C&cv=1&br=1990&bt=995&cs=0&ds=3&ft=-Csk_mgdPD12NuxOph-UxBJ2hY3W3wv25scAp&mime_type=video_mp4&qs=0&rc=NzU1NTxoOWQ0OzRnNTNnNEBpM3ZudXg5cm1keDMzbzczNUAuNjEwNTUtXjAxLzM0Xl4zYSM2ZWBfMmRjNW5gLS1kMTFzcw%3D%3D&btag=e000b0000&expire=1746360864&l=20250502121414BDD9DA08111588871205&ply_type=2&policy=2&signature=7d4c22e2e68b4ed9c4de2760527b763a&tk=tt_chain_token,1739892111
7497319469899943190,gelernt ist gelernt #fyy ,dachdeckerin_chiara,6844903152543958022,56100,608,1773,3000000,,1745605721
7498432786823417110,#palermo #sabatosera ,sebylabarbera5,6831281638615483397,68200,1811,433,3300000,,1745864936
7497738827071524118,Die T√ºr ist zu Habibi #trend #hopecore #alan #hopelesscore #f√ºrdich ,boost.motivationx,7310365982026974241,86300,21400,385,1000000,,1745703361
7487522419373083926,Bei welchem Clip musstest du grinsen?ü§£ü§£üî•,comedy.heroo,27483218,309800,62100,1399,10100000,,1743324669
7497184581569793302,üò≤ MAGIC REVEALED!  ,stevecarlintv,6745456374622422022,96300,5177,457,7600000,,1745574316
7473564883695504662,Mona Lisa Motion OUT NOW on All Plattforms,zah1de_kyc,6836358130437211142,1700000,89900,29200,32400000,,1740074927
7482796216863018271,Pizza Is Just BETTER,d0ughjoe,6627560851330334726,7700000,584500,67100,74500000,https://v16-webapp-prime.tiktok.com/video/tos/maliva/tos-maliva-ve-0068c799-us/okQsegIQnGEkkp6wBuFEAtDnE2ARTj8IQZfkVD/?a=1988&bti=ODszNWYuMDE6&ch=0&cr=3&dr=0&lr=all&cd=0%7C0%7C0%7C&cv=1&br=2900&bt=1450&cs=0&ds=3&ft=-Csk_mgdPD12NuxOph-UxBJ2hY3W3wv25scAp&mime_type=video_mp4&qs=0&rc=Z2doZGY2Nmk7ODY4NGU6NUBpM25vZHE5cnM2eTMzaTczNEA0XjM2MjVfXmAxYGEvLzNjYSNoMTAzMmRzamBgLS1kMTJzcw%3D%3D&btag=e000b8000&expire=1746360876&l=20250502121414BDD9DA08111588871205&ply_type=2&policy=2&signature=11ab124596c49457be25743ffb454375&tk=tt_chain_token,1742224312
7498153793322781957,,anderson_oliveiraa_,6890637994711172097,33100,757,187,4200000,https://v16-webapp-prime.tiktok.com/video/tos/useast2a/tos-useast2a-pve-0068/o0zlpgOCoYBPjRkdB3FEQqDVEDARveqIQJfmJs/?a=1988&bti=ODszNWYuMDE6&ch=0&cr=3&dr=0&lr=all&cd=0%7C0%7C0%7C&cv=1&br=1962&bt=981&cs=0&ds=3&ft=-Csk_mgdPD12NuxOph-UxBJ2hY3W3wv25scAp&mime_type=video_mp4&qs=0&rc=M2U5PDY6ZzppNTpkOzQ1PEBpajs8aHU5cjhmMzMzNzczM0BfLzEuYmAwNS8xMDVfLjJeYSNkM2JmMmRjaTRhLS1kMTZzcw%3D%3D&btag=e00090000&expire=1746360916&l=20250502121414BDD9DA08111588871205&ply_type=2&policy=2&signature=c05fc3201609815dec92b9002fe52404&tk=tt_chain_token,1745799980
7487941276524875016,LIGHTNING || #edit #cars #viral #fyp ,hudsonfilms__,7192191009479459846,1700000,197000,4136,8200000,https://v16-webapp-prime.tiktok.com/video/tos/alisg/tos-alisg-pve-0037c001/oomnAfJTTAdkgRGtgQFs6EUDmfBb5roEBEBHVI/?a=1988&bti=ODszNWYuMDE6&ch=0&cr=3&dr=0&lr=all&cd=0%7C0%7C0%7C&cv=1&br=2696&bt=1348&cs=0&ds=3&ft=-Csk_mgdPD12NuxOph-UxBJ2hY3W3wv25scAp&mime_type=video_mp4&qs=0&rc=OTpnOTtmNzg1ZGk8ZGg6NEBpM2c6amw5cnM7eTMzODczNEBfLTUzNmExNTAxYl4wXzUyYSNvbTI2MmRrMWlgLS1kMTFzcw%3D%3D&btag=e00088000&expire=1746360914&l=20250502121414BDD9DA08111588871205&ply_type=2&policy=2&signature=7e691a6fd80f2c88bc93cf0a8ee65d70&tk=tt_chain_token,1743422189
7493513817469586706,#CapCut #cocacola #coca #linh ,minhhh.nee,7492098963308790792,323000,105500,13500,6700000,https://v16-webapp-prime.tiktok.com/video/tos/alisg/tos-alisg-pve-0037c001/oIPIKphmQeOigLfKWepGeMWM4TALgWJAC6UfIo/?a=1988&bti=ODszNWYuMDE6&ch=0&cr=3&dr=0&lr=all&cd=0%7C0%7C0%7C&cv=1&br=870&bt=435&cs=0&ds=3&ft=-Csk_mgdPD12NuxOph-UxBJ2hY3W3wv25scAp&mime_type=video_mp4&qs=0&rc=ZjhoaTVkNzNpOmgzODk1ZUBpamVvb205cjU3eTMzODczNEAvNjVhL2AuNTAxX2M2M180YSMyLi1rMmRjcnNgLS1kMTFzcw%3D%3D&btag=e000b8000&expire=1746360877&l=20250502121414BDD9DA08111588871205&ply_type=2&policy=2&signature=f6e6b48dc1041764b5789309632a85d4&tk=tt_chain_token,1744719650
7475427793002695958,Rank without knowing who is next Only 10/10's #celeb #celebrank #ranking #rankingcelebrities #starranking #madisonbeer #brookemonk #breckiehill #sophierain #luana ,celebrank,7427550546993333281,359400,13800,2421,5500000,,1740508670
7496972647381650694,,andrii23_11,7011113381148509189,196100,211500,1947,11300000,https://v16-webapp-prime.tiktok.com/video/tos/useast2a/tos-useast2a-ve-0068c002/ocAgSRcfgAGYCfnSjW8sTQMCBFFjgQIqnflbAc/?a=1988&bti=ODszNWYuMDE6&ch=0&cr=3&dr=0&lr=all&cd=0%7C0%7C0%7C&cv=1&br=3332&bt=1666&cs=0&ds=3&ft=-Csk_mgdPD12NuxOph-UxBJ2hY3W3wv25scAp&mime_type=video_mp4&qs=0&rc=cnF8b2hsc2d3SkBwaHIxaDFybndmZGU0ZmRmOTk0N2g5OjQ7aEBpMzc4eG45cm08MzMzNzczM0BjRl5Nc3FePmJKYSNvYF90aHFmOiMyMDFfMF5fNl4xLjQ2Li0yYSNoaW1zMmRjZTJhLS1kMTZzcw%3D%3D&btag=e000b0000&expire=1746360862&l=20250502121414BDD9DA08111588871205&ply_type=2&policy=2&signature=bd65f5d6d74210c5bb7e178bf586a987&tk=tt_chain_token,1745524974
7482412775692635397,FIFA STREET?üáßüá∑ estilo brasileiro ,arthurzinnv,7113702377895592965,3900000,272900,18800,50900000,https://v16-webapp-prime.tiktok.com/video/tos/useast2a/tos-useast2a-ve-0068c002/ocgxIXCPCg4E8Tj9OEJSfQvAxfkDrF8tbSeMSI/?a=1988&bti=ODszNWYuMDE6&ch=0&cr=3&dr=0&lr=all&cd=0%7C0%7C0%7C&cv=1&br=3724&bt=1862&cs=0&ds=3&ft=-Csk_mgdPD12NuxOph-UxBJ2hY3W3wv25scAp&mime_type=video_mp4&qs=0&rc=aTRmNDo0NmkzMzw0ZDhoZ0Bpamk4OXg5cmlneTMzNzczM0BfXl5hMS0yXzIxNDYzMDVfYSNycTI1MmRzb19gLS1kMTZzcw%3D%3D&btag=e00090000&expire=1746360916&l=20250502121414BDD9DA08111588871205&ply_type=2&policy=2&signature=606b4992600ae7709e875eb6d86e7354&tk=tt_chain_token,1742134987
7495077983057661206,,newmartina,160979307433955328,4300000,70900,32600,63400000,https://v16-webapp-prime.tiktok.com/video/tos/no1a/tos-no1a-ve-0068c001-no/oEBkPr1YodBEBi1d2ApsEPPiZ30oBQaQUDEIA/?a=1988&bti=ODszNWYuMDE6&ch=0&cr=3&dr=0&lr=all&cd=0%7C0%7C0%7C&cv=1&br=2564&bt=1282&cs=0&ds=3&ft=-Csk_mgdPD12NuxOph-UxBJ2hY3W3wv25scAp&mime_type=video_mp4&qs=0&rc=NzpoNzY2aDtkODk7ZzM4Z0BpMzRrdG85cjx3MzMzbzczNUA1LjRfXy8wNWAxNTY0MGAzYSNuLTJuMmQ0by5hLS1kMTFzcw%3D%3D&btag=e00090000&expire=1746360983&l=20250502121414BDD9DA08111588871205&ply_type=2&policy=2&signature=bbd23dbb8985c330efba5b6e1113a2e1&tk=tt_chain_token,1745083834
7498795650323090710,BOMBOOOOCLAAAAAT,norman_patzek,136594763520098304,3600000,764900,8953,33800000,https://v16-webapp-prime.tiktok.com/video/tos/no1a/tos-no1a-ve-0068c001-no/o8FLXFfoEAHaFvJgEhQRYRYBksifIZDTEEKgQD/?a=1988&bti=ODszNWYuMDE6&ch=0&cr=3&dr=0&lr=all&cd=0%7C0%7C0%7C&cv=1&br=3340&bt=1670&cs=0&ds=3&ft=-Csk_mgdPD12N-xOph-Uxd.5hY3W3wv25icAp&mime_type=video_mp4&qs=0&rc=NWQ2ZmU6OGhmaDw0NWdpNUBpanE5NWo5cmxrMzMzbzczNUBfMWE2YmItXmIxMjBiXi8tYSNmbi1lMmRjMjVhLS1kMTFzcw%3D%3D&btag=e000b0000&expire=1746360866&l=2025050212141621C73BB520DB96869790&ply_type=2&policy=2&signature=b5e06c686a3e39351da5dd11647a659e&tk=tt_chain_token,1745949420
7496313101076139310,Mini Morgan Freeman is coming!#morganfreeman #oscarwinner #hollywood #hollywoodlegend #actor #movies #shawshankredemption #qatar2022 ,claydollartist1,7147498025184330798,919500,50200,15000,31600000,https://v16-webapp-prime.tiktok.com/video/tos/maliva/tos-maliva-ve-0068c799-us/oo1SIQiBdQp50OuIBQBAE9B2IS0waAYCMBiWfT/?a=1988&bti=ODszNWYuMDE6&ch=0&cr=3&dr=0&lr=all&cd=0%7C0%7C0%7C&cv=1&br=1760&bt=880&cs=0&ds=3&ft=-Csk_mgdPD12N-xOph-Uxd.5hY3W3wv25icAp&mime_type=video_mp4&qs=0&rc=OmZmZjVnODU6PDNoOGgzZkBpM2hzN3A5cnY2MzMzZzczNEAzLWNhXmIzXjExNDUxNDZiYSM1MS82MmRzcTFhLS1kMS9zcw%3D%3D&btag=e00090000&expire=1746360973&l=2025050212141621C73BB520DB96869790&ply_type=2&policy=2&signature=e358d9fcbc5c295b534306ec0831f036&tk=tt_chain_token,1745371428
7489427780397010198,#imapoliceofficer #tensheet #foryou #viral #fyppppppppppp #tonbirdge ,backwheelbandit69,7416366442453632032,4600000,315500,12600,45600000,https://v16-webapp-prime.tiktok.com/video/tos/no1a/tos-no1a-ve-0068c001-no/oEYgIq6nANrE8pknRvyBFf47gEEUIQFvUjC7fD/?a=1988&bti=ODszNWYuMDE6&ch=0&cr=3&dr=0&lr=all&cd=0%7C0%7C0%7C&cv=1&br=2036&bt=1018&cs=0&ds=3&ft=-Csk_mgdPD12N-xOph-Uxd.5hY3W3wv25icAp&mime_type=video_mp4&qs=0&rc=PDM0aDY1Mzk4NWkzOWRlO0BpM2RrPG45cnN2eTMzbzczNUA2LWIyNl41XmAxXzZfL2EzYSNtczBnMmRzaWtgLS1kMTFzcw%3D%3D&btag=e000b8000&expire=1746360871&l=2025050212141621C73BB520DB96869790&ply_type=2&policy=2&signature=16fa9b192bd6a9188ae7c61f977d8f6a&tk=tt_chain_token,1743768297
7493655072073665799,#CapCut ÿ£ŸÜÿß ÿ¥Ÿàÿ±Ÿä ÿπŸÑŸâ ÿßŸÑÿ≤ŸÑŸÖ Ÿäÿµÿ®ÿ≠ ŸÇÿ±ÿßÿ± üñ§üí´üåô#ÿ≠ÿ∑_ÿµŸàÿ±ÿ™ŸÉüòÖüëåüèª #ŸÇÿßŸÑÿ®_ÿ¨ÿßŸáÿ≤_ŸÜÿßÿ±üî• üñ§üí´#ŸÇŸàÿßŸÑÿ®_ŸÉÿßÿ®_ŸÉÿßÿ™_ÿ¨ÿßŸáÿ≤Ÿá_ŸÑŸÑÿ™ÿµŸÖŸäŸÖ #ÿßŸÑÿ¥ÿπÿ®_ÿßŸÑÿµŸäŸÜŸä_ŸÖÿßŸÑŸá_ÿ≠ŸÑüòÇüòÇ #fyp  . .. ... .... ..... ...... ....... #ÿ¨ŸÄŸÜÿ±ÿ¢ÿ¢ŸÑ #ÿ™ÿ±ŸÜÿØ_ÿ¥ÿßÿ¥Ÿá_ÿ≥ŸàÿØÿßÿ°_üôã‚ù§ #fyppppppppppppppppppppppp ,af517af,7491014137871631377,79800,2504,483,3100000,https://webapp-sg.tiktok.com/ca07be4a06addab3d73a72873f1e6f9e/68175a28/kmoat/mps/logo/v3/r/p/v14044g50000cvvcuinog65tljifomj0/b79ba3b7f9b54f439b04864d0d906568/7991e0101fd3dc5e08ca22e20ea82207/mp4/main.mp4?a=1988&bti=ODszNWYuMDE6&ch=0&cr=3&dr=0&lr=all&cd=0%7C0%7C0%7C&cv=1&br=0&bt=0&cs=0&ds=3&ft=bLZkAmgdPD12N-xOph-Uxd.5hY3W3wv25icAp&mime_type=video_mp4&qs=0&rc=cnF8b2hsc2d3SkBwaHIxaDFybndmOzgzZ2c5N2U2aTg8OjZlOkBpM3BpbXc5cmxmeTMzODczNEBjRl5Nc3FePmJKYSNvYF90aHFmOiMzMzYtMTUtNjExX2NfXjZfYSNnbGZpMmRrcnNgLS1kMTFzcw%3D%3D&btag=e000b8000&definition=720p&du=15&item_id=7493655072073665799&l=2025050212141621C73BB520DB96869790&logo_type=tiktok_creator&ply_type=2&policy=eyJ2bSI6MiwiY2siOiJ0dF9jaGFpbl90b2tlbiJ9&sign_params=item_id%2Cuser_text&user_text=af517af,1744752550
7496176557543787798,2025 Zusammengefasst‚Ä¶üò≥üò≠ Was fehlt noch?üòÇ#marvintsp ,marvintsp,6791810736476095493,583800,87800,2726,4000000,,1745339618
7499214342836030728,WAKE UP IT‚ÄôS THE FIRST OF THE MONTH | #fyp #foryou #oorsz #trending #xyzbca #firstofthemonth ,oorsz,6792924891080508421,4000000,2300000,29600,21000000,https://webapp-sg.tiktok.com/e9f97f516dbc5598340ebbe0e524a64e/68175a24/kmoat/mps/logo/v3/r/p/v1c044g50000d098vdfog65qd4hrquq0/4c481baf3e1b4156ba63d792989ac21a/df7210d5fd53be10c1de2b319c4437a2/mp4/main.mp4?a=1988&bti=ODszNWYuMDE6&ch=0&cr=3&dr=0&lr=all&cd=0%7C0%7C0%7C&cv=1&br=0&bt=0&cs=0&ds=3&ft=bLZkAmgdPD12N-xOph-Uxd.5hY3W3wv25icAp&mime_type=video_mp4&qs=0&rc=cnF8b2hsc2d3SkBwaHIxaDFybndmZDVkOzU6NmQ5NGVoaWU7ZkBpM3h1N3Q5cmc7MzMzODczNEBjRl5Nc3FePmJKYSNvYF90aHFmOiMuYDY2NmEzXzIxLjBeLjExYSNubmVhMmRjczZhLS1kMWBzcw%3D%3D&btag=e000b0000&definition=720p&du=11&item_id=7499214342836030728&l=2025050212141621C73BB520DB96869790&logo_type=tiktok_celebrity&ply_type=2&policy=eyJ2bSI6MiwiY2siOiJ0dF9jaGFpbl90b2tlbiJ9&sign_params=item_id%2Cuser_text&user_text=oorsz,1746046912
7486133953825344790,#willimiti #fyp #g√∂nnfy ,willimiti,6978125087917507590,861700,328500,7029,10700000,,1743001391
7499180503635938582,sorry this isn‚Äôt funny. if anyone wants to donate me clothes i‚Äôd appreciate it x #fyp #foryoupage #housefire #fire ,poppycooperr,6869047703524557829,1300000,107800,5098,7600000,,1746039028
7482115607379381526,#dybala #footballtiktok #soccer #fyp ,louis7ftbl,7398228145600513057,3400000,138900,7295,23900000,,1742065796
7497616695800990998,Ganz wichtig‚ÄºÔ∏è #nrgmusik ,nrg_musik,6638256463083421702,176800,17600,3066,3000000,,1745674926
7487522419373083926,Bei welchem Clip musstest du grinsen?ü§£ü§£üî•,comedy.heroo,27483218,309800,62100,1399,10100000,,1743324669
7473517675495361847,all songs in my telegram channel,streetsuicides,6664904706123677701,161400,10300,1431,1600000,https://webapp-va.tiktok.com/6afd94355a059d837a215324dc45bd7e/68175a22/kmoat/mps/logo/v3/r/p/v09025g40000curk9mvog65nsk30fqig/159a9d4cbacd4432bbe1105efb1ba95c/56bd8368d820b6992aaeec41defc5b86/mp4/main.mp4?a=1988&bti=ODszNWYuMDE6&ch=0&cr=3&dr=0&lr=all&cd=0%7C0%7C0%7C&cv=1&br=0&bt=0&cs=0&ds=3&ft=bLZkJmgdPD12N-xOph-Uxd.5hY3W3wv25icAp&mime_type=video_mp4&qs=0&rc=cnF8b2hsc2d3SkBwaHIxaDFybndmZjxlZWgzNGU1N2dkZmdkOEBpanQzbnE5cnBueDMzNzgzM0BjRl5Nc3FePmJKYSNvYF90aHFmOiMyXi5jMi5iXzAxYF8xNjYuYSNmYzBwMmRzNm9gLS1kLzZzcw%3D%3D&btag=e000b0000&definition=720p&du=9&item_id=7473517675495361847&l=2025050212141621C73BB520DB96869790&logo_type=tiktok_creator&ply_type=2&policy=eyJ2bSI6MiwiY2siOiJ0dF9jaGFpbl90b2tlbiJ9&sign_params=item_id%2Cuser_text&user_text=streetsuicides,1740063967
7497184581569793302,üò≤ MAGIC REVEALED!  ,stevecarlintv,6745456374622422022,96300,5177,457,7600000,,1745574316
7497738827071524118,Die T√ºr ist zu Habibi #trend #hopecore #alan #hopelesscore #f√ºrdich ,boost.motivationx,7310365982026974241,86300,21400,385,1000000,,1745703361
7469609124985326894,THEY NOT LIKE US (pt. 1) #KendrickLamar #AppleMusicHalftime #SuperBowl @Apple Music @Roc Nation ,nfl,6634193109470593029,6500000,234900,31900,66800000,https://v16-webapp-prime.tiktok.com/video/tos/maliva/tos-maliva-ve-0068c799-us/oIPBlEPmOiUkuE46EAILi4YHxQFhZBzNgB35i/?a=1988&bti=ODszNWYuMDE6&ch=0&cr=3&dr=0&lr=all&cd=0%7C0%7C0%7C&cv=1&br=3304&bt=1652&cs=0&ds=3&ft=-Csk_mgdPD12N-xOph-Uxd.5hY3W3wv25icAp&mime_type=video_mp4&qs=0&rc=ODRmNjg5NDk8ZjNmaTllNUBpM2g3c3M5cjRweDMzZzczNEBiNTQxL180NTQxL14yNmE0YSNgY2pkMmQ0MWhgLS1kMS9zcw%3D%3D&btag=e00088000&expire=1746360907&l=2025050212141621C73BB520DB96869790&ply_type=2&policy=2&signature=bd74cdb8dd176bfb61a19428a9389440&tk=tt_chain_token,1739153936
7497319469899943190,gelernt ist gelernt #fyy ,dachdeckerin_chiara,6844903152543958022,56100,608,1773,3000000,,1745605721
7482796216863018271,Pizza Is Just BETTER,d0ughjoe,6627560851330334726,7700000,584500,67100,74500000,https://v16-webapp-prime.tiktok.com/video/tos/maliva/tos-maliva-ve-0068c799-us/okQsegIQnGEkkp6wBuFEAtDnE2ARTj8IQZfkVD/?a=1988&bti=ODszNWYuMDE6&ch=0&cr=3&dr=0&lr=all&cd=0%7C0%7C0%7C&cv=1&br=2900&bt=1450&cs=0&ds=3&ft=-Csk_mgdPD12N-xOph-Uxd.5hY3W3wv25icAp&mime_type=video_mp4&qs=0&rc=Z2doZGY2Nmk7ODY4NGU6NUBpM25vZHE5cnM2eTMzaTczNEA0XjM2MjVfXmAxYGEvLzNjYSNoMTAzMmRzamBgLS1kMTJzcw%3D%3D&btag=e000b8000&expire=1746360878&l=2025050212141621C73BB520DB96869790&ply_type=2&policy=2&signature=1856cad47212336d863d7cc4124fdcb9&tk=tt_chain_token,1742224312
7498153793322781957,,anderson_oliveiraa_,6890637994711172097,33100,757,187,4200000,https://v16-webapp-prime.tiktok.com/video/tos/useast2a/tos-useast2a-pve-0068/o0zlpgOCoYBPjRkdB3FEQqDVEDARveqIQJfmJs/?a=1988&bti=ODszNWYuMDE6&ch=0&cr=3&dr=0&lr=all&cd=0%7C0%7C0%7C&cv=1&br=1962&bt=981&cs=0&ds=3&ft=-Csk_mgdPD12N-xOph-Uxd.5hY3W3wv25icAp&mime_type=video_mp4&qs=0&rc=M2U5PDY6ZzppNTpkOzQ1PEBpajs8aHU5cjhmMzMzNzczM0BfLzEuYmAwNS8xMDVfLjJeYSNkM2JmMmRjaTRhLS1kMTZzcw%3D%3D&btag=e00090000&expire=1746360918&l=2025050212141621C73BB520DB96869790&ply_type=2&policy=2&signature=18a3b479cfe9e976ca212f104432b81f&tk=tt_chain_token,1745799980
7497359780516760863,What play was your favorite? ü§îüëá #nba #basketball ,jinx.nba,7387087231481857066,2400000,61900,3219,49600000,https://v16-webapp-prime.tiktok.com/video/tos/maliva/tos-maliva-ve-0068c799-us/oUEAAEA6mgB4vWSVSSQaBIaZGjMJjRRisZiAP/?a=1988&bti=ODszNWYuMDE6&ch=0&cr=3&dr=0&lr=all&cd=0%7C0%7C0%7C&cv=1&br=4522&bt=2261&cs=0&ds=3&ft=-Csk_mgdPD12N-xOph-Uxd.5hY3W3wv25icAp&mime_type=video_mp4&qs=0&rc=aGg3Zzk6Zjg8OzQ5O2k1ZEBpanM3O3Q5cjl5MzMzaTczNEAyLS1hMDAwNTUxLTAvYTI2YSNgZi82MmQ0ZTJhLS1kMTJzcw%3D%3D&btag=e00090000&expire=1746360919&l=2025050212141621C73BB520DB96869790&ply_type=2&policy=2&signature=2f9f9ee2b9170e6901934d040472e0d4&tk=tt_chain_token,1745615133
7473564883695504662,Mona Lisa Motion OUT NOW on All Plattforms,zah1de_kyc,6836358130437211142,1700000,89900,29200,32400000,,1740074927
7499180576314871062,"Le poisson Steve, le monstre Nick... ü§Ø Vous l'aurez voulu ! Contre-attaque avec le caca Brice ! üòú non mais ! üòÇ #poissonsteve #monstrenick  #contreattaque #cacabrice #IA  #humour ",guacamole.guaca,6963377899169973253,120400,86200,2422,950200,,1746039045
7498470095954529554,(A) (B) (C),turkvideopump,1690207756678177,30100,19200,922,996300,,1745873626
7475427793002695958,Rank without knowing who is next Only 10/10's #celeb #celebrank #ranking #rankingcelebrities #starranking #madisonbeer #brookemonk #breckiehill #sophierain #luana ,celebrank,7427550546993333281,359400,13800,2421,5500000,,1740508670
7493851564277271830,@Jordanalmani @Semih Jackson #semih #jordan #jordangoat #beststreamer #bestcouple #fyp #fypp ,memes_deutschland8,7430135775070635041,107600,29500,2121,1100000,,1744798288
7497649600971574551,Does it suit him?ü§î#keepitbsset #bsset ,mosbarbers1,6895671750135694342,241800,1932,3008,4300000,https://v16-webapp-prime.tiktok.com/video/tos/no1a/tos-no1a-ve-0068c001-no/oscFH9oENkLDABgAgskMPfE1FEARMQDfIZrqPI/?a=1988&bti=ODszNWYuMDE6&ch=0&cr=3&dr=0&lr=all&cd=0%7C0%7C0%7C&cv=1&br=2118&bt=1059&cs=0&ds=3&ft=-Csk_mgdPD12N-xOph-Uxd.5hY3W3wv25icAp&mime_type=video_mp4&qs=0&rc=ODxnOzw2NDxlZTQ5aTdoNUBpamU1PHk5cnVpMzMzbzczNUAuYC00Yy9hX2AxNWBfYS5iYSNgajFpMmQ0cjNhLS1kMTFzcw%3D%3D&btag=e00090000&expire=1746360973&l=2025050212141621C73BB520DB96869790&ply_type=2&policy=2&signature=e42070fc78125e9f4d48818c906d1d08&tk=tt_chain_token,1745682586
7495077983057661206,,newmartina,160979307433955328,4300000,70900,32600,63400000,https://v16-webapp-prime.tiktok.com/video/tos/no1a/tos-no1a-ve-0068c001-no/oEBkPr1YodBEBi1d2ApsEPPiZ30oBQaQUDEIA/?a=1988&bti=ODszNWYuMDE6&ch=0&cr=3&dr=0&lr=all&cd=0%7C0%7C0%7C&cv=1&br=2564&bt=1282&cs=0&ds=3&ft=-Csk_mgdPD12N-xOph-Uxd.5hY3W3wv25icAp&mime_type=video_mp4&qs=0&rc=NzpoNzY2aDtkODk7ZzM4Z0BpMzRrdG85cjx3MzMzbzczNUA1LjRfXy8wNWAxNTY0MGAzYSNuLTJuMmQ0by5hLS1kMTFzcw%3D%3D&btag=e00090000&expire=1746360985&l=2025050212141621C73BB520DB96869790&ply_type=2&policy=2&signature=b0005eced5eb97857b2c34f3906e82ce&tk=tt_chain_token,1745083834
7472779684124675350,Ronaldo‚Äôs reaction üíÄü§£ #UCL ,championsleague,6941075248162931717,483600,4060,1852,5000000,https://v16-webapp-prime.tiktok.com/video/tos/no1a/tos-no1a-ve-0068-no/ogRtDfeNEEVkEax8XQngFBt0IoRKArISmFPBlk/?a=1988&bti=ODszNWYuMDE6&ch=0&cr=3&dr=0&lr=all&cd=0%7C0%7C0%7C&cv=1&br=1990&bt=995&cs=0&ds=3&ft=-Csk_mgdPD12N-xOph-Uxd.5hY3W3wv25icAp&mime_type=video_mp4&qs=0&rc=NzU1NTxoOWQ0OzRnNTNnNEBpM3ZudXg5cm1keDMzbzczNUAuNjEwNTUtXjAxLzM0Xl4zYSM2ZWBfMmRjNW5gLS1kMTFzcw%3D%3D&btag=e000b0000&expire=1746360866&l=2025050212141621C73BB520DB96869790&ply_type=2&policy=2&signature=2674e7abe08c70242657dd5177f26129&tk=tt_chain_token,1739892111
7482412775692635397,FIFA STREET?üáßüá∑ estilo brasileiro ,arthurzinnv,7113702377895592965,3900000,272900,18800,50900000,https://v16-webapp-prime.tiktok.com/video/tos/useast2a/tos-useast2a-ve-0068c002/ocgxIXCPCg4E8Tj9OEJSfQvAxfkDrF8tbSeMSI/?a=1988&bti=ODszNWYuMDE6&ch=0&cr=3&dr=0&lr=all&cd=0%7C0%7C0%7C&cv=1&br=3724&bt=1862&cs=0&ds=3&ft=-Csk_mgdPD12N-xOph-Uxd.5hY3W3wv25icAp&mime_type=video_mp4&qs=0&rc=aTRmNDo0NmkzMzw0ZDhoZ0Bpamk4OXg5cmlneTMzNzczM0BfXl5hMS0yXzIxNDYzMDVfYSNycTI1MmRzb19gLS1kMTZzcw%3D%3D&btag=e00090000&expire=1746360918&l=2025050212141621C73BB520DB96869790&ply_type=2&policy=2&signature=0bfef0f5dead5d5446dc271633609049&tk=tt_chain_token,1742134987
7493216913334586646,Real Aura #respectmoments #auramoments #humanity #actsofkindness #Aura #emotionalintelligence #cute #gym #bro #helpeachother #faithinhumanityrestored ,slyert,7452843532156847126,4000000,28000,4376,50400000,,1744650522
